activity_id,competitor_id,technology_id,adoption_status,market_activity_score,launch_year,investment_level
1,3,1,Not Adopted,7,2028,High
2,4,1,Research,4,2028,Medium
3,8,1,Not Adopted,6,2024,Low
4,10,1,Pilot,5,2025,Medium
5,11,1,Research,7,2026,High
6,7,1,Adopted,8,2024,Medium
7,9,1,Not Adopted,9,2026,High
8,5,1,Pilot,8,2024,High
9,1,1,Adopted,8,2028,Medium
10,6,1,Research,5,2025,High
11,2,2,Not Adopted,7,2024,Low
12,10,2,Research,4,2026,Medium
13,12,2,Adopted,8,2024,Low
14,5,2,Not Adopted,8,2027,High
15,7,2,Adopted,10,2027,High
16,9,2,Research,3,2028,Low
17,6,3,Research,3,2025,High
18,12,3,Pilot,8,2028,Low
19,8,3,Pilot,10,2027,Medium
20,9,3,Pilot,3,2028,Low
21,5,3,Pilot,4,2025,Low
22,1,3,Pilot,5,2028,Low
23,11,3,Not Adopted,4,2027,High
24,2,3,Not Adopted,9,2024,Medium
25,6,4,Research,6,2028,Medium
26,1,4,Not Adopted,8,2027,Low
27,4,4,Pilot,6,2024,Low
28,7,4,Pilot,9,2024,High
29,9,4,Research,3,2026,Medium
30,12,4,Research,6,2025,High
31,10,4,Not Adopted,5,2027,High
32,5,4,Not Adopted,7,2025,Medium
33,11,4,Adopted,6,2024,Low
34,1,5,Pilot,5,2025,High
35,11,5,Not Adopted,6,2028,Low
36,6,5,Pilot,9,2026,High
37,10,5,Research,3,2024,Medium
38,9,5,Research,8,2026,High
39,2,5,Adopted,9,2027,Low
40,3,5,Adopted,5,2027,Medium
41,5,5,Pilot,3,2025,Medium
42,4,5,Not Adopted,6,2028,Medium
43,8,5,Research,6,2024,Low
44,12,5,Pilot,4,2026,High
45,4,6,Adopted,3,2027,Low
46,7,6,Research,6,2027,Medium
47,11,6,Not Adopted,6,2027,Medium
48,12,6,Pilot,7,2025,High
49,6,6,Not Adopted,10,2026,Low
50,9,6,Adopted,9,2027,Low
51,1,6,Not Adopted,10,2027,Low
52,2,6,Pilot,4,2025,High
53,10,6,Adopted,10,2025,Medium
54,11,7,Not Adopted,8,2025,High
55,1,7,Adopted,8,2026,Low
56,7,7,Adopted,5,2025,Medium
57,12,7,Pilot,8,2026,Low
58,5,7,Research,3,2024,Medium
59,6,7,Pilot,5,2028,Low
60,9,7,Not Adopted,10,2024,Medium
61,3,7,Pilot,7,2026,Medium
62,4,7,Adopted,6,2025,High
63,7,8,Not Adopted,8,2027,High
64,9,8,Adopted,4,2025,Low
65,6,8,Research,3,2027,High
66,8,8,Research,7,2026,Medium
67,4,8,Not Adopted,7,2026,High
68,3,8,Adopted,3,2024,High
69,12,8,Pilot,3,2024,Medium
70,1,9,Adopted,8,2025,Medium
71,7,9,Pilot,6,2024,Low
72,3,9,Pilot,3,2024,High
73,12,9,Adopted,8,2026,High
74,6,9,Pilot,6,2026,Low
75,5,9,Adopted,3,2027,Medium
76,11,9,Not Adopted,6,2025,Medium
77,10,9,Research,10,2028,Medium
78,8,9,Pilot,6,2028,Low
79,9,9,Adopted,4,2028,Low
80,10,10,Pilot,3,2024,Low
81,8,10,Research,8,2027,High
82,3,10,Pilot,8,2025,Medium
83,9,10,Research,10,2025,Medium
84,1,10,Pilot,6,2026,Medium
85,4,10,Pilot,9,2025,Low
86,5,10,Research,6,2024,Medium
87,6,10,Not Adopted,4,2027,High
88,12,10,Adopted,10,2026,Low
89,11,10,Pilot,10,2024,Medium
90,7,10,Not Adopted,3,2027,High
91,2,10,Adopted,9,2024,Low
92,7,11,Not Adopted,7,2028,Low
93,8,11,Not Adopted,5,2025,Low
94,6,11,Research,8,2027,Medium
95,2,11,Adopted,6,2026,Medium
96,12,11,Not Adopted,6,2025,Medium
97,4,12,Research,7,2028,Low
98,3,12,Research,10,2027,High
99,9,12,Not Adopted,5,2024,High
100,11,12,Not Adopted,6,2024,Medium
101,6,12,Not Adopted,10,2027,Low
102,2,12,Adopted,6,2028,High
103,10,12,Adopted,8,2027,Low
104,7,12,Research,5,2028,Low
105,11,13,Adopted,5,2024,Low
106,1,13,Adopted,8,2024,High
107,9,13,Pilot,10,2025,Medium
108,2,13,Pilot,7,2027,Low
109,7,13,Not Adopted,5,2024,High
110,12,14,Pilot,4,2024,Low
111,8,14,Research,9,2026,Low
112,5,14,Research,4,2026,High
113,4,14,Adopted,8,2027,Low
114,2,14,Pilot,6,2026,Medium
115,6,14,Research,3,2024,Low
116,7,14,Adopted,4,2026,Medium
117,10,14,Adopted,3,2027,Low
118,1,14,Not Adopted,10,2028,Low
119,11,14,Research,9,2026,Medium
120,9,14,Research,4,2025,High
121,3,14,Research,7,2024,Low
122,11,15,Adopted,4,2025,Low
123,1,15,Adopted,10,2028,Medium
124,10,15,Adopted,10,2028,Low
125,3,15,Not Adopted,5,2028,High
126,7,15,Pilot,3,2024,Medium
127,6,15,Research,7,2025,Medium
128,2,15,Adopted,4,2026,Medium
129,4,16,Adopted,10,2025,High
130,8,16,Pilot,3,2028,High
131,2,16,Adopted,4,2026,High
132,11,16,Research,3,2026,High
133,10,16,Not Adopted,8,2024,Medium
134,6,16,Pilot,10,2026,High
135,9,16,Research,8,2027,Medium
136,1,16,Pilot,10,2027,Low
137,7,16,Adopted,6,2024,Low
138,3,16,Pilot,6,2028,Low
139,10,17,Pilot,10,2026,Low
140,3,17,Adopted,9,2026,Medium
141,9,17,Not Adopted,8,2027,High
142,8,17,Research,7,2027,Medium
143,1,17,Pilot,9,2024,Low
144,3,18,Research,4,2028,Medium
145,12,18,Pilot,7,2025,Medium
146,6,18,Pilot,8,2028,High
147,9,18,Adopted,6,2025,Medium
148,8,18,Pilot,6,2028,Low
149,4,18,Not Adopted,5,2028,Medium
150,5,18,Research,5,2025,High
151,11,18,Pilot,10,2027,Medium
152,2,18,Research,6,2028,High
153,1,18,Pilot,5,2027,Low
154,10,19,Adopted,8,2026,Medium
155,1,19,Pilot,6,2027,Medium
156,7,19,Not Adopted,4,2024,Low
157,2,19,Research,10,2025,Low
158,12,19,Not Adopted,7,2027,Low
159,4,19,Pilot,7,2024,Low
160,9,19,Not Adopted,8,2024,Medium
161,3,19,Pilot,3,2025,High
162,11,20,Pilot,10,2024,Low
163,5,20,Research,5,2025,Low
164,12,20,Not Adopted,9,2024,Medium
165,1,20,Research,7,2027,High
166,3,20,Pilot,3,2026,High
167,2,20,Research,4,2026,Low
168,7,20,Research,5,2027,Low
169,10,20,Pilot,5,2024,Medium
170,9,20,Not Adopted,5,2025,Low
171,7,21,Not Adopted,7,2024,High
172,4,21,Pilot,8,2028,High
173,2,21,Not Adopted,4,2027,High
174,12,21,Research,3,2028,High
175,1,21,Not Adopted,9,2028,High
176,8,21,Research,3,2028,Low
177,3,21,Adopted,9,2025,Low
178,11,21,Not Adopted,3,2028,High
179,10,21,Pilot,5,2025,Low
180,6,21,Adopted,10,2024,Low
181,5,21,Adopted,5,2024,Medium
182,9,21,Research,10,2027,Low
183,11,22,Adopted,9,2026,Low
184,3,22,Not Adopted,5,2024,Medium
185,10,22,Pilot,3,2028,High
186,7,22,Pilot,7,2026,Medium
187,4,22,Pilot,8,2024,Low
188,9,22,Adopted,8,2026,High
189,6,22,Pilot,5,2027,Low
190,2,22,Adopted,10,2028,Medium
191,12,22,Adopted,9,2025,Low
192,11,23,Adopted,7,2027,Low
193,1,23,Not Adopted,8,2025,High
194,4,23,Research,8,2027,Medium
195,7,23,Pilot,9,2025,Low
196,2,24,Research,5,2024,High
197,6,24,Adopted,3,2024,Low
198,4,24,Not Adopted,10,2028,Low
199,11,24,Not Adopted,4,2026,Low
200,2,25,Adopted,5,2028,High
201,9,25,Research,9,2028,Low
202,5,25,Adopted,9,2026,High
203,4,25,Not Adopted,8,2027,Low
204,11,25,Adopted,8,2027,Medium
205,8,25,Pilot,10,2027,High
206,10,25,Not Adopted,10,2024,High
207,2,26,Adopted,9,2024,Medium
208,12,26,Research,3,2028,Medium
209,8,26,Pilot,10,2028,High
210,1,26,Research,5,2026,High
211,4,26,Pilot,10,2027,Low
212,5,26,Research,9,2025,Medium
213,10,26,Not Adopted,4,2025,Low
214,6,26,Research,7,2025,High
215,7,26,Not Adopted,4,2028,Medium
216,12,27,Research,9,2024,High
217,1,27,Research,6,2027,High
218,9,27,Research,10,2024,High
219,3,27,Adopted,7,2026,Low
220,2,27,Adopted,4,2027,Low
221,4,27,Pilot,9,2025,Medium
222,11,28,Pilot,8,2024,Medium
223,2,28,Adopted,8,2028,Low
224,1,28,Pilot,5,2028,High
225,8,28,Not Adopted,8,2025,Low
226,2,29,Research,3,2025,High
227,7,29,Research,4,2027,High
228,4,29,Pilot,6,2026,Medium
229,11,29,Not Adopted,10,2026,High
230,5,29,Adopted,9,2026,Low
231,3,30,Research,5,2027,High
232,7,30,Adopted,4,2027,High
233,11,30,Not Adopted,10,2028,Low
234,9,30,Not Adopted,6,2026,Medium
235,12,30,Pilot,5,2028,Low
236,10,30,Not Adopted,7,2026,Low
237,5,30,Not Adopted,4,2028,High
238,11,31,Not Adopted,4,2027,Medium
239,5,31,Not Adopted,9,2024,High
240,12,31,Not Adopted,5,2026,Medium
241,3,31,Pilot,3,2028,High
242,2,31,Not Adopted,10,2028,Medium
243,9,31,Not Adopted,6,2028,High
244,6,31,Not Adopted,4,2024,Low
245,3,32,Pilot,9,2026,Low
246,11,32,Research,3,2025,Medium
247,12,32,Adopted,3,2028,Low
248,8,32,Not Adopted,10,2024,Low
249,5,32,Pilot,7,2028,High
250,4,32,Research,7,2026,Low
251,6,32,Pilot,7,2028,Low
252,1,32,Not Adopted,5,2024,High
253,2,32,Research,7,2025,High
254,9,32,Research,8,2027,Low
255,8,33,Not Adopted,10,2024,High
256,10,33,Pilot,3,2028,High
257,4,33,Not Adopted,5,2024,Medium
258,2,33,Not Adopted,5,2026,High
259,3,33,Adopted,5,2028,Low
260,6,33,Not Adopted,8,2024,Low
261,6,34,Research,10,2026,Medium
262,2,34,Pilot,5,2025,Low
263,4,34,Adopted,5,2024,High
264,5,34,Adopted,3,2025,Medium
265,3,34,Adopted,9,2024,High
266,9,34,Not Adopted,4,2024,High
267,11,34,Adopted,5,2027,High
268,1,34,Pilot,5,2025,Low
269,7,34,Research,9,2024,Low
270,8,34,Research,10,2026,Medium
271,12,34,Pilot,10,2025,Low
272,10,34,Adopted,6,2024,Medium
273,6,35,Adopted,10,2027,Low
274,4,35,Pilot,3,2024,Medium
275,8,35,Adopted,7,2025,Low
276,12,35,Pilot,4,2027,Medium
277,1,35,Research,8,2025,High
278,11,35,Adopted,3,2026,High
279,9,35,Adopted,4,2026,Low
280,5,35,Research,5,2026,Medium
281,7,35,Not Adopted,9,2025,High
282,3,35,Pilot,3,2026,High
283,10,35,Pilot,6,2027,Medium
284,1,36,Adopted,7,2028,High
285,9,36,Not Adopted,4,2025,High
286,7,36,Not Adopted,3,2025,Medium
287,6,36,Adopted,3,2024,Low
288,1,37,Not Adopted,3,2026,Medium
289,4,37,Not Adopted,3,2028,Low
290,7,37,Adopted,6,2027,High
291,8,37,Pilot,10,2027,Low
292,9,37,Research,4,2025,Low
293,3,37,Pilot,5,2024,Low
294,12,37,Not Adopted,4,2026,Low
295,2,37,Research,9,2024,High
296,11,37,Pilot,4,2025,Low
297,10,37,Pilot,4,2027,High
298,5,37,Not Adopted,3,2024,Low
299,6,38,Not Adopted,7,2025,Low
300,10,38,Pilot,7,2025,Medium
301,1,38,Pilot,10,2025,Low
302,9,38,Pilot,7,2024,Medium
303,8,38,Pilot,8,2028,Medium
304,5,39,Research,9,2025,Medium
305,12,39,Research,5,2025,Medium
306,3,39,Not Adopted,4,2028,High
307,9,39,Adopted,6,2025,Medium
308,10,39,Pilot,5,2027,Medium
309,7,39,Pilot,10,2024,Low
310,4,39,Adopted,4,2025,High
311,12,40,Not Adopted,10,2026,High
312,2,40,Not Adopted,7,2024,Low
313,11,40,Not Adopted,8,2027,High
314,1,40,Adopted,9,2027,Low
315,5,40,Pilot,8,2025,High
316,5,41,Pilot,4,2025,Low
317,1,41,Not Adopted,10,2026,High
318,6,41,Research,4,2027,Low
319,9,41,Adopted,3,2028,Low
320,4,41,Pilot,9,2027,Low
321,10,41,Adopted,7,2028,High
322,12,41,Adopted,8,2026,Medium
323,2,41,Not Adopted,8,2025,Medium
324,6,42,Not Adopted,3,2025,High
325,11,42,Pilot,10,2027,High
326,7,42,Not Adopted,8,2026,Medium
327,10,42,Not Adopted,5,2028,Medium
328,3,42,Research,8,2028,Medium
329,1,43,Adopted,3,2027,High
330,7,43,Adopted,10,2025,High
331,2,43,Research,3,2025,Medium
332,9,43,Research,8,2025,Low
333,12,44,Pilot,5,2025,Low
334,5,44,Adopted,10,2028,Low
335,9,44,Not Adopted,6,2027,Low
336,2,44,Research,9,2026,Low
337,10,44,Pilot,3,2024,Low
338,10,45,Research,3,2026,Low
339,8,45,Adopted,10,2025,Medium
340,3,45,Pilot,6,2026,Medium
341,11,45,Research,5,2027,Low
342,2,45,Pilot,10,2024,Medium
343,4,46,Not Adopted,9,2024,Low
344,12,46,Adopted,7,2027,High
345,10,46,Pilot,4,2024,Medium
346,1,46,Pilot,4,2025,Medium
347,2,46,Pilot,4,2026,Low
348,8,46,Not Adopted,3,2028,High
349,7,46,Not Adopted,8,2026,High
350,11,46,Pilot,10,2025,Low
351,5,46,Pilot,8,2027,Medium
352,6,46,Research,9,2027,Medium
353,6,47,Pilot,3,2025,High
354,8,47,Not Adopted,6,2024,Medium
355,12,47,Adopted,7,2024,Medium
356,7,47,Pilot,10,2026,Medium
357,10,47,Pilot,9,2027,High
358,5,48,Pilot,10,2026,Low
359,3,48,Not Adopted,10,2026,Medium
360,1,48,Research,6,2026,High
361,8,48,Not Adopted,6,2026,High
362,9,48,Adopted,3,2027,High
363,10,48,Pilot,9,2025,Medium
364,11,48,Not Adopted,7,2028,Low
365,12,48,Not Adopted,10,2027,High
366,6,48,Adopted,6,2026,Medium
367,2,48,Adopted,3,2026,Low
368,1,49,Research,6,2024,Low
369,4,49,Not Adopted,10,2027,Medium
370,3,49,Research,5,2028,Low
371,8,49,Research,9,2028,Medium
372,12,49,Pilot,3,2028,Low
373,7,49,Pilot,3,2027,Medium
374,2,49,Not Adopted,5,2025,High
375,9,49,Research,10,2025,High
376,6,49,Pilot,10,2025,Medium
377,5,49,Adopted,9,2024,Medium
378,10,50,Not Adopted,3,2027,Medium
379,6,50,Pilot,6,2024,Low
380,3,50,Pilot,5,2024,Low
381,12,50,Research,5,2027,High
382,1,50,Research,3,2028,Low
383,7,50,Adopted,10,2024,Medium
384,11,50,Adopted,4,2026,Low
385,9,50,Adopted,8,2025,Medium
386,8,50,Not Adopted,10,2024,Medium
387,5,51,Research,7,2027,High
388,1,51,Pilot,6,2026,Low
389,6,51,Not Adopted,10,2025,Medium
390,8,51,Adopted,5,2025,Medium
391,2,51,Pilot,5,2025,Low
392,10,51,Not Adopted,5,2024,High
393,4,51,Pilot,8,2026,Medium
394,7,52,Research,3,2027,Low
395,5,52,Not Adopted,3,2028,High
396,10,52,Research,6,2026,Medium
397,11,52,Research,8,2027,Low
398,5,53,Research,5,2024,Medium
399,9,53,Research,3,2028,High
400,1,53,Adopted,7,2024,Medium
401,12,53,Adopted,9,2028,High
402,3,53,Not Adopted,7,2027,High
403,6,53,Not Adopted,7,2027,Medium
404,4,53,Pilot,6,2026,High
405,2,53,Research,6,2026,High
406,10,53,Adopted,3,2028,Medium
407,11,53,Adopted,7,2026,High
408,8,53,Pilot,10,2027,Low
409,7,53,Pilot,10,2027,High
410,10,54,Adopted,9,2024,High
411,6,54,Adopted,5,2028,Medium
412,7,54,Research,10,2026,High
413,1,54,Pilot,3,2027,High
414,11,54,Pilot,10,2024,Low
415,4,54,Research,9,2024,High
416,8,54,Research,9,2024,Medium
417,3,54,Research,10,2027,High
418,9,54,Adopted,7,2028,Medium
419,2,54,Pilot,3,2024,Medium
420,5,54,Research,4,2025,High
421,12,54,Adopted,8,2027,Medium
422,4,55,Research,4,2024,High
423,6,55,Not Adopted,6,2026,Medium
424,8,55,Not Adopted,6,2027,Medium
425,10,55,Adopted,9,2024,Low
426,9,55,Pilot,10,2025,Medium
427,2,55,Pilot,6,2028,Medium
428,12,55,Research,10,2024,High
429,4,56,Not Adopted,9,2028,Medium
430,10,56,Adopted,8,2028,High
431,11,56,Pilot,6,2028,High
432,1,56,Pilot,7,2026,Low
433,9,56,Pilot,10,2025,Low
434,6,56,Research,6,2026,High
435,2,56,Research,9,2024,Low
436,4,57,Research,9,2028,Low
437,1,57,Adopted,3,2025,Medium
438,6,57,Not Adopted,5,2024,High
439,7,57,Not Adopted,6,2025,Medium
440,8,57,Adopted,9,2028,High
441,2,57,Research,6,2028,Medium
442,3,57,Not Adopted,9,2025,High
443,9,57,Adopted,3,2027,Medium
444,12,57,Not Adopted,5,2026,Medium
445,10,57,Not Adopted,4,2025,High
446,5,57,Not Adopted,4,2024,Medium
447,11,57,Not Adopted,4,2024,Low
448,8,58,Adopted,8,2024,Medium
449,4,58,Adopted,4,2024,High
450,12,58,Not Adopted,4,2024,Low
451,9,58,Research,7,2027,Medium
452,7,58,Pilot,7,2027,High
453,11,58,Adopted,8,2028,Low
454,10,58,Adopted,10,2025,High
455,2,58,Research,10,2025,Low
456,6,58,Not Adopted,5,2026,Low
457,1,58,Adopted,7,2025,Low
458,3,58,Not Adopted,3,2028,Medium
459,4,59,Research,8,2027,Low
460,7,59,Pilot,10,2025,Medium
461,2,59,Research,6,2024,High
462,6,59,Research,4,2027,High
463,1,59,Adopted,4,2027,Medium
464,11,59,Not Adopted,3,2027,Low
465,6,60,Pilot,9,2027,Medium
466,10,60,Research,7,2028,Medium
467,8,60,Not Adopted,6,2026,Medium
468,2,60,Not Adopted,8,2028,High
469,12,60,Pilot,7,2026,Medium
470,12,61,Research,10,2028,High
471,11,61,Research,9,2028,Medium
472,3,61,Adopted,6,2028,High
473,1,61,Not Adopted,7,2026,High
474,6,61,Adopted,3,2026,High
475,4,61,Adopted,8,2027,Low
476,5,61,Not Adopted,7,2026,High
477,3,62,Adopted,4,2027,Medium
478,10,62,Not Adopted,10,2025,Low
479,1,62,Not Adopted,7,2024,Low
480,6,62,Research,5,2026,High
481,5,62,Research,8,2028,Medium
482,2,62,Pilot,7,2027,Low
483,3,63,Pilot,9,2027,High
484,10,63,Pilot,5,2024,Low
485,11,63,Pilot,7,2027,Low
486,1,63,Pilot,5,2025,High
487,9,63,Pilot,6,2025,High
488,6,63,Adopted,4,2025,High
489,8,63,Not Adopted,5,2024,Medium
490,7,63,Pilot,9,2024,Medium
491,12,63,Research,7,2024,Low
492,5,63,Research,5,2027,Low
493,2,63,Pilot,9,2026,Low
494,4,63,Adopted,9,2025,Low
495,3,64,Research,6,2026,Medium
496,7,64,Not Adopted,6,2024,High
497,2,64,Pilot,8,2025,High
498,12,64,Adopted,3,2028,Low
499,9,65,Adopted,8,2025,Medium
500,5,65,Not Adopted,4,2026,Low
501,8,65,Not Adopted,5,2028,Medium
502,1,65,Adopted,10,2027,Medium
503,12,65,Not Adopted,6,2025,Medium
504,12,66,Not Adopted,4,2024,Medium
505,1,66,Adopted,6,2024,Medium
506,9,66,Research,7,2027,Medium
507,5,66,Research,10,2024,Medium
508,6,66,Pilot,6,2025,Medium
509,10,67,Not Adopted,9,2025,Low
510,9,67,Pilot,6,2028,Medium
511,3,67,Adopted,9,2025,High
512,8,67,Pilot,3,2024,High
513,2,67,Not Adopted,7,2028,Medium
514,1,67,Pilot,4,2025,Low
515,4,67,Not Adopted,10,2026,Medium
516,1,68,Research,5,2024,Medium
517,11,68,Pilot,10,2026,Medium
518,4,68,Research,8,2025,Low
519,10,68,Not Adopted,7,2026,Low
520,7,68,Not Adopted,6,2028,Medium
521,3,68,Research,3,2025,Medium
522,2,68,Pilot,3,2027,High
523,8,69,Research,7,2025,Low
524,1,69,Not Adopted,3,2028,Medium
525,3,69,Pilot,10,2026,Low
526,5,69,Not Adopted,3,2028,Low
527,9,69,Pilot,9,2026,Medium
528,8,70,Adopted,9,2027,Medium
529,11,70,Not Adopted,9,2024,Low
530,4,70,Not Adopted,4,2028,High
531,12,70,Pilot,9,2028,Medium
532,3,70,Pilot,10,2026,High
533,1,70,Adopted,5,2028,Low
534,10,70,Adopted,3,2024,High
535,2,70,Not Adopted,9,2027,High
536,7,70,Pilot,3,2028,Medium
537,9,70,Not Adopted,10,2028,High
538,11,71,Not Adopted,9,2025,Medium
539,1,71,Adopted,7,2025,Medium
540,7,71,Pilot,4,2025,High
541,9,71,Adopted,9,2024,Low
542,6,71,Research,4,2027,Low
543,3,71,Research,3,2025,High
544,10,71,Not Adopted,3,2026,High
545,4,71,Adopted,3,2027,Low
546,2,71,Pilot,5,2027,Low
547,5,71,Research,9,2024,Medium
548,10,72,Research,8,2024,High
549,11,72,Research,10,2024,Low
550,2,72,Pilot,6,2024,Medium
551,3,72,Adopted,8,2024,High
552,6,72,Not Adopted,10,2025,High
553,4,72,Adopted,4,2028,Low
554,1,72,Adopted,8,2024,High
555,9,72,Pilot,7,2027,Medium
556,7,72,Adopted,6,2027,High
557,12,72,Research,6,2028,High
558,8,72,Adopted,10,2028,Low
559,5,72,Not Adopted,6,2028,Medium
560,5,73,Pilot,7,2027,Medium
561,3,73,Not Adopted,3,2024,Low
562,10,73,Not Adopted,6,2027,Low
563,2,73,Pilot,4,2024,High
564,7,73,Research,8,2026,Low
565,6,73,Research,5,2028,Medium
566,9,73,Adopted,3,2025,Medium
567,12,73,Research,8,2028,Medium
568,8,73,Not Adopted,3,2024,Low
569,1,73,Pilot,7,2028,Medium
570,4,73,Not Adopted,5,2028,Low
571,11,74,Adopted,9,2028,Low
572,10,74,Not Adopted,4,2024,Medium
573,9,74,Not Adopted,8,2028,Low
574,4,74,Adopted,5,2025,Medium
575,8,74,Pilot,3,2025,Low
576,6,74,Pilot,7,2024,Medium
577,1,74,Pilot,4,2027,High
578,12,74,Research,8,2028,Low
579,9,75,Research,6,2028,Low
580,10,75,Not Adopted,3,2027,Medium
581,6,75,Pilot,6,2025,High
582,1,75,Pilot,7,2024,Medium
583,11,75,Adopted,7,2024,Medium
584,8,75,Not Adopted,6,2028,Medium
585,4,75,Not Adopted,5,2026,Low
586,12,75,Research,10,2026,High
587,5,75,Adopted,8,2027,High
588,2,76,Adopted,4,2028,Low
589,1,76,Not Adopted,8,2025,Medium
590,9,76,Pilot,8,2025,High
591,4,76,Adopted,8,2024,Low
592,10,76,Not Adopted,7,2025,Medium
593,7,76,Pilot,5,2027,Low
594,6,76,Research,5,2026,Low
595,5,76,Adopted,8,2025,High
596,8,76,Pilot,6,2025,Low
597,3,76,Not Adopted,8,2028,Medium
598,12,76,Pilot,3,2028,High
599,2,77,Pilot,10,2028,High
600,9,77,Pilot,6,2026,Low
601,3,77,Research,9,2026,Medium
602,7,77,Not Adopted,10,2024,High
603,8,77,Not Adopted,5,2027,Medium
604,5,77,Research,4,2026,Medium
605,1,77,Pilot,5,2026,Low
606,12,77,Pilot,4,2024,Low
607,10,77,Not Adopted,7,2024,High
608,6,77,Research,5,2025,High
609,4,77,Not Adopted,8,2025,High
610,11,77,Adopted,8,2025,High
611,7,78,Adopted,6,2027,Low
612,10,78,Research,8,2025,Medium
613,6,78,Adopted,6,2025,Medium
614,4,78,Not Adopted,8,2027,High
615,2,78,Research,9,2026,Low
616,9,79,Adopted,9,2024,Low
617,12,79,Research,3,2026,Medium
618,6,79,Research,5,2027,Low
619,10,79,Not Adopted,7,2024,High
620,11,79,Pilot,6,2028,Low
621,3,79,Adopted,3,2028,Medium
622,5,79,Pilot,4,2026,Low
623,1,79,Research,4,2025,High
624,12,80,Not Adopted,7,2026,High
625,11,80,Pilot,6,2025,Low
626,10,80,Pilot,5,2024,Medium
627,3,80,Pilot,10,2028,Low
628,5,80,Adopted,4,2025,Low
629,1,81,Pilot,4,2028,Medium
630,8,81,Adopted,6,2024,Medium
631,10,81,Not Adopted,10,2026,Medium
632,6,81,Research,5,2027,High
633,5,82,Adopted,6,2027,Medium
634,8,82,Pilot,10,2024,High
635,2,82,Research,3,2028,High
636,7,82,Pilot,5,2025,High
637,12,82,Research,9,2026,Low
638,9,83,Pilot,9,2028,High
639,3,83,Pilot,3,2026,High
640,1,83,Research,3,2025,High
641,8,83,Research,10,2026,High
642,11,83,Not Adopted,4,2026,Medium
643,12,83,Not Adopted,7,2024,High
644,2,83,Research,3,2026,Low
645,6,84,Not Adopted,4,2026,Low
646,3,84,Research,8,2026,Medium
647,8,84,Research,4,2024,High
648,12,84,Research,5,2026,Medium
649,11,84,Research,6,2025,Low
650,9,84,Not Adopted,8,2024,High
651,7,84,Pilot,5,2027,Medium
652,2,85,Adopted,5,2027,Low
653,1,85,Not Adopted,8,2026,Medium
654,5,85,Pilot,8,2028,Low
655,3,85,Pilot,5,2027,High
656,1,86,Research,6,2024,Medium
657,3,86,Adopted,6,2024,Low
658,2,86,Pilot,10,2026,High
659,9,86,Pilot,3,2027,Medium
660,10,86,Not Adopted,9,2025,High
661,4,86,Research,5,2024,Medium
662,7,86,Research,3,2027,Low
663,6,86,Adopted,3,2024,Medium
664,5,86,Pilot,3,2026,High
665,8,86,Adopted,9,2028,High
666,11,86,Research,4,2025,Medium
667,9,87,Pilot,10,2026,High
668,8,87,Not Adopted,10,2028,Medium
669,10,87,Not Adopted,5,2026,Medium
670,2,87,Adopted,6,2027,Low
671,1,87,Pilot,4,2026,High
672,3,87,Pilot,9,2027,Low
673,12,87,Not Adopted,5,2024,Low
674,6,87,Research,10,2026,Low
675,11,87,Adopted,10,2027,Medium
676,7,87,Not Adopted,9,2028,Low
677,5,87,Not Adopted,10,2025,Medium
678,4,87,Research,4,2028,Low
679,10,88,Not Adopted,6,2024,Low
680,11,88,Pilot,9,2026,Medium
681,2,88,Pilot,7,2024,High
682,6,88,Not Adopted,7,2027,High
683,12,89,Pilot,3,2024,Medium
684,5,89,Pilot,4,2024,High
685,8,89,Research,3,2025,High
686,10,89,Research,3,2026,Low
687,4,89,Not Adopted,4,2025,Medium
688,2,89,Not Adopted,5,2026,Low
689,11,89,Not Adopted,10,2026,High
690,6,89,Not Adopted,10,2027,High
691,1,90,Adopted,6,2025,High
692,6,90,Research,7,2026,High
693,12,90,Pilot,5,2027,Medium
694,4,90,Research,5,2026,High
695,9,90,Pilot,5,2026,High
696,11,90,Adopted,4,2028,Medium
697,2,90,Research,7,2024,High
698,10,90,Adopted,4,2026,Low
699,3,90,Adopted,8,2028,High
700,5,90,Adopted,5,2027,Medium
701,8,90,Pilot,6,2024,Medium
702,3,91,Pilot,4,2025,High
703,9,91,Pilot,8,2025,Low
704,11,91,Not Adopted,10,2027,Medium
705,2,91,Research,5,2027,Medium
706,8,91,Not Adopted,5,2028,High
707,1,91,Research,7,2024,High
708,5,91,Not Adopted,7,2026,Low
709,7,91,Adopted,7,2024,Medium
710,10,91,Adopted,4,2025,High
711,4,91,Not Adopted,5,2024,High
712,6,91,Adopted,3,2026,Low
713,5,92,Adopted,6,2026,Medium
714,10,92,Research,7,2027,Medium
715,2,92,Not Adopted,10,2025,Medium
716,11,92,Pilot,9,2028,High
717,4,92,Pilot,3,2028,High
718,6,92,Pilot,3,2024,Low
719,1,92,Adopted,3,2024,Medium
720,1,93,Research,3,2027,High
721,12,93,Research,7,2024,Low
722,8,93,Adopted,5,2024,Medium
723,7,93,Adopted,7,2026,Low
724,4,93,Pilot,8,2027,High
725,5,93,Adopted,4,2028,Low
726,10,93,Adopted,4,2024,Low
727,6,93,Research,9,2025,Medium
728,3,93,Pilot,7,2024,Medium
729,11,94,Not Adopted,9,2028,Medium
730,8,94,Pilot,6,2025,Medium
731,3,94,Pilot,8,2028,High
732,7,94,Research,5,2027,Medium
733,4,94,Not Adopted,4,2026,Low
734,12,94,Research,7,2026,Low
735,2,94,Research,9,2024,Medium
736,10,94,Research,8,2027,Low
737,5,94,Adopted,10,2028,High
738,6,94,Not Adopted,8,2024,High
739,10,95,Adopted,8,2028,Medium
740,7,95,Adopted,9,2027,Low
741,3,95,Not Adopted,5,2026,Low
742,12,95,Adopted,6,2025,Low
743,8,95,Not Adopted,8,2027,Low
744,6,95,Pilot,5,2024,Medium
745,1,95,Research,4,2028,Low
746,5,95,Not Adopted,9,2026,Low
747,4,95,Adopted,3,2024,Medium
748,2,95,Adopted,6,2028,Medium
749,9,96,Research,3,2024,Medium
750,5,96,Pilot,7,2027,High
751,11,96,Not Adopted,10,2026,High
752,10,96,Not Adopted,9,2028,Low
753,12,96,Not Adopted,7,2026,Low
754,6,96,Research,3,2028,High
755,3,96,Research,9,2026,High
756,1,96,Research,8,2025,Low
757,2,96,Research,3,2028,Low
758,4,96,Not Adopted,8,2025,Medium
759,7,96,Research,8,2027,Medium
760,8,96,Pilot,6,2028,Low
761,2,97,Adopted,8,2025,High
762,8,97,Not Adopted,6,2027,High
763,9,97,Adopted,3,2027,Low
764,7,97,Research,10,2028,Medium
765,11,97,Adopted,9,2024,Medium
766,5,97,Research,10,2027,High
767,3,97,Pilot,9,2024,High
768,8,98,Not Adopted,4,2024,Low
769,1,98,Adopted,3,2027,High
770,4,98,Research,6,2024,Medium
771,3,98,Pilot,7,2027,Medium
772,11,98,Adopted,4,2028,Low
773,5,98,Adopted,8,2026,Medium
774,6,98,Adopted,8,2025,High
775,12,99,Not Adopted,4,2026,Medium
776,11,99,Research,8,2024,Low
777,2,99,Not Adopted,7,2027,Low
778,9,99,Research,6,2027,Medium
779,6,99,Research,5,2028,High
780,1,99,Research,5,2024,High
781,11,100,Not Adopted,5,2027,High
782,4,100,Not Adopted,8,2025,High
783,8,100,Adopted,7,2027,Medium
784,10,100,Pilot,9,2026,Low
785,5,100,Adopted,10,2024,Medium
786,12,100,Pilot,3,2026,High
787,5,101,Adopted,5,2028,Medium
788,2,101,Adopted,7,2025,Medium
789,7,101,Research,3,2027,Medium
790,8,101,Adopted,3,2025,Medium
791,1,101,Not Adopted,6,2028,Medium
792,10,102,Pilot,10,2024,Low
793,6,102,Adopted,3,2028,Medium
794,5,102,Pilot,4,2026,High
795,2,102,Adopted,10,2025,High
796,7,102,Not Adopted,5,2028,Medium
797,1,102,Not Adopted,4,2026,Low
798,4,102,Research,6,2024,Low
799,8,102,Not Adopted,8,2028,Low
800,3,102,Not Adopted,9,2024,Medium
801,10,103,Not Adopted,3,2028,Medium
802,3,103,Pilot,3,2026,Medium
803,12,103,Pilot,6,2028,Medium
804,9,103,Research,3,2026,Low
805,6,103,Pilot,7,2028,High
806,8,103,Not Adopted,9,2028,Medium
807,11,103,Pilot,6,2027,High
808,7,103,Not Adopted,6,2028,High
809,1,103,Not Adopted,6,2028,Low
810,7,104,Pilot,4,2024,Medium
811,4,104,Pilot,9,2028,Low
812,3,104,Pilot,7,2027,High
813,2,104,Pilot,9,2028,Low
814,9,105,Pilot,6,2026,Medium
815,10,105,Adopted,10,2024,High
816,12,105,Research,4,2027,High
817,4,105,Not Adopted,7,2027,Low
818,3,105,Adopted,6,2028,High
819,8,105,Not Adopted,3,2027,High
820,5,106,Adopted,3,2025,Low
821,12,106,Pilot,9,2024,High
822,7,106,Pilot,3,2028,High
823,1,106,Pilot,4,2027,Medium
824,6,107,Pilot,4,2028,Medium
825,3,107,Adopted,10,2028,High
826,7,107,Adopted,10,2024,High
827,11,107,Not Adopted,7,2028,High
828,1,107,Adopted,4,2024,Low
829,8,107,Adopted,4,2028,High
830,2,107,Pilot,8,2024,High
831,9,107,Adopted,10,2024,Medium
832,5,107,Not Adopted,9,2024,Low
833,10,108,Pilot,3,2024,High
834,7,108,Adopted,7,2028,High
835,6,108,Research,7,2025,Low
836,12,108,Research,3,2027,Medium
837,5,108,Research,6,2025,Medium
838,7,109,Pilot,7,2027,Medium
839,4,109,Research,7,2024,High
840,5,109,Research,10,2025,High
841,9,109,Pilot,8,2024,Medium
842,3,109,Adopted,9,2026,Low
843,1,110,Research,8,2026,Low
844,2,110,Research,9,2024,High
845,8,110,Not Adopted,7,2025,Medium
846,5,110,Adopted,9,2028,Low
847,12,111,Adopted,9,2025,Low
848,7,111,Research,9,2028,Low
849,6,111,Pilot,3,2024,Low
850,5,111,Research,7,2025,Medium
851,4,111,Not Adopted,7,2024,High
852,9,111,Research,5,2027,Low
853,2,111,Research,8,2027,Medium
854,11,111,Research,4,2026,Low
855,3,111,Research,7,2025,High
856,8,111,Not Adopted,5,2024,High
857,1,111,Pilot,8,2028,Medium
858,10,111,Pilot,7,2024,Low
859,5,112,Adopted,3,2028,Medium
860,4,112,Research,3,2024,Low
861,1,112,Pilot,9,2028,Medium
862,3,112,Not Adopted,4,2026,Medium
863,8,112,Pilot,9,2026,Medium
864,10,112,Pilot,6,2027,High
865,9,112,Pilot,3,2024,Medium
866,2,112,Research,8,2028,Medium
867,12,112,Adopted,3,2026,High
868,6,112,Adopted,5,2026,Medium
869,7,112,Research,7,2024,High
870,11,112,Adopted,7,2028,Medium
871,6,113,Research,8,2027,High
872,1,113,Research,9,2025,Low
873,2,113,Pilot,7,2024,High
874,8,113,Pilot,10,2028,Low
875,9,113,Not Adopted,4,2027,Medium
876,12,113,Pilot,7,2024,Low
877,10,113,Pilot,3,2024,Low
878,11,113,Adopted,7,2027,High
879,4,114,Research,5,2024,Medium
880,1,114,Adopted,4,2024,Medium
881,7,114,Pilot,7,2027,Low
882,3,114,Adopted,9,2028,Medium
883,12,114,Research,5,2026,Low
884,11,114,Adopted,7,2028,Low
885,2,114,Not Adopted,6,2025,High
886,5,114,Adopted,8,2027,Low
887,10,114,Not Adopted,6,2025,High
888,2,115,Adopted,6,2026,Low
889,1,115,Adopted,5,2024,Medium
890,10,115,Adopted,10,2028,Medium
891,8,115,Research,7,2028,Medium
892,7,115,Not Adopted,9,2025,Medium
893,12,115,Research,9,2026,Low
894,6,115,Adopted,4,2026,High
895,3,115,Adopted,7,2028,High
896,4,115,Research,3,2028,High
897,12,116,Not Adopted,8,2024,Medium
898,11,116,Pilot,5,2028,Medium
899,10,116,Adopted,5,2028,Low
900,7,116,Pilot,7,2024,Medium
901,8,117,Pilot,6,2026,High
902,9,117,Not Adopted,7,2028,Low
903,5,117,Pilot,9,2027,Medium
904,11,117,Research,6,2026,Low
905,6,117,Research,7,2026,Low
906,1,117,Adopted,3,2027,High
907,3,117,Adopted,5,2024,Medium
908,10,117,Pilot,7,2028,High
909,12,117,Not Adopted,6,2026,High
910,6,118,Research,9,2028,High
911,7,118,Adopted,5,2024,Medium
912,10,118,Not Adopted,9,2026,Low
913,3,118,Adopted,5,2027,Medium
914,1,119,Pilot,10,2024,Low
915,11,119,Adopted,5,2028,Medium
916,10,119,Adopted,7,2025,High
917,5,119,Not Adopted,5,2026,High
918,12,119,Not Adopted,8,2028,Medium
919,3,119,Not Adopted,6,2026,High
920,9,119,Research,6,2024,High
921,4,119,Adopted,6,2024,Low
922,1,120,Pilot,8,2025,Medium
923,11,120,Research,10,2028,Medium
924,10,120,Adopted,3,2024,Low
925,3,120,Adopted,9,2026,Medium
926,6,120,Adopted,10,2028,Low
927,7,120,Adopted,6,2024,High
928,5,120,Adopted,10,2026,Medium
929,4,120,Pilot,10,2025,Medium
930,8,120,Research,6,2028,Medium
931,12,120,Not Adopted,7,2028,Medium
932,7,121,Adopted,3,2025,Low
933,9,121,Not Adopted,4,2026,Medium
934,2,121,Pilot,8,2027,Low
935,10,121,Research,3,2024,Medium
936,4,121,Research,9,2026,Low
937,9,122,Pilot,7,2026,High
938,3,122,Research,4,2024,High
939,4,122,Pilot,3,2024,Medium
940,6,122,Pilot,9,2027,Low
941,7,122,Pilot,7,2028,High
942,5,123,Pilot,4,2027,High
943,4,123,Adopted,4,2024,Low
944,3,123,Pilot,7,2028,Low
945,11,123,Not Adopted,4,2028,Medium
946,7,123,Pilot,4,2024,Low
947,9,123,Not Adopted,5,2024,Medium
948,1,123,Research,9,2024,Low
949,2,123,Research,10,2028,High
950,8,123,Pilot,6,2027,Medium
951,6,123,Not Adopted,6,2027,Medium
952,4,124,Not Adopted,8,2025,Medium
953,11,124,Research,5,2026,Low
954,7,124,Research,4,2026,High
955,6,124,Adopted,10,2027,Low
956,1,125,Not Adopted,7,2025,High
957,7,125,Adopted,4,2028,Medium
958,3,125,Research,4,2027,Medium
959,5,125,Adopted,6,2028,High
960,6,125,Adopted,9,2024,High
961,2,125,Research,5,2028,High
962,9,125,Research,9,2024,Medium
963,11,125,Adopted,7,2025,High
964,10,125,Pilot,9,2025,High
965,8,125,Not Adopted,7,2026,High
966,12,125,Pilot,6,2025,Low
967,4,125,Pilot,5,2026,High
968,1,126,Research,9,2028,Low
969,12,126,Adopted,5,2026,High
970,6,126,Pilot,5,2027,High
971,2,126,Adopted,6,2027,High
972,9,126,Pilot,4,2026,Medium
973,4,126,Not Adopted,4,2024,Medium
974,3,127,Research,6,2026,Medium
975,1,127,Pilot,9,2028,Low
976,2,127,Adopted,8,2025,Low
977,8,127,Research,4,2026,Low
978,6,127,Not Adopted,3,2028,Medium
979,4,127,Not Adopted,5,2024,Low
980,7,127,Research,7,2028,Medium
981,9,127,Pilot,3,2027,Medium
982,11,127,Pilot,7,2028,High
983,12,127,Research,3,2026,Medium
984,10,127,Pilot,5,2027,Medium
985,5,127,Pilot,7,2027,Low
986,9,128,Not Adopted,10,2026,High
987,5,128,Pilot,7,2026,Medium
988,4,128,Pilot,9,2025,High
989,1,128,Adopted,8,2025,Low
990,12,128,Adopted,8,2026,High
991,3,128,Research,7,2024,High
992,7,128,Research,10,2028,Medium
993,10,128,Adopted,10,2024,High
994,8,128,Not Adopted,4,2025,High
995,11,128,Adopted,10,2024,Medium
996,7,129,Not Adopted,9,2026,High
997,3,129,Pilot,4,2026,Low
998,8,129,Pilot,9,2024,Medium
999,4,129,Pilot,10,2027,High
1000,2,129,Research,8,2025,Medium
1001,9,129,Pilot,7,2024,High
1002,7,130,Pilot,5,2024,Low
1003,10,130,Adopted,5,2028,High
1004,3,130,Research,9,2028,Medium
1005,9,130,Adopted,3,2028,Low
1006,1,130,Research,8,2024,Medium
1007,6,130,Adopted,7,2025,High
1008,2,130,Not Adopted,5,2025,High
1009,5,130,Research,4,2028,Medium
1010,12,130,Pilot,9,2028,High
1011,11,130,Not Adopted,9,2025,Medium
1012,4,130,Pilot,3,2027,Low
1013,8,130,Not Adopted,4,2025,High
1014,4,131,Adopted,7,2027,Low
1015,3,131,Pilot,4,2024,High
1016,2,131,Adopted,4,2027,Low
1017,8,131,Not Adopted,5,2024,Medium
1018,5,131,Research,4,2024,Medium
1019,7,131,Not Adopted,7,2024,High
1020,12,131,Adopted,9,2027,Low
1021,6,131,Adopted,9,2024,Medium
1022,9,131,Pilot,3,2026,Medium
1023,6,132,Pilot,7,2025,High
1024,11,132,Pilot,8,2024,Low
1025,10,132,Adopted,9,2024,Low
1026,4,132,Not Adopted,5,2026,High
1027,7,132,Pilot,6,2026,Low
1028,12,132,Not Adopted,8,2024,High
1029,9,132,Pilot,4,2027,Low
1030,1,132,Adopted,10,2028,Medium
1031,8,132,Pilot,7,2027,High
1032,11,133,Research,5,2024,Low
1033,7,133,Not Adopted,3,2024,Medium
1034,2,133,Pilot,7,2026,Low
1035,3,133,Not Adopted,6,2027,Medium
1036,6,133,Research,8,2027,Medium
1037,5,133,Not Adopted,7,2025,High
1038,1,133,Research,7,2028,High
1039,9,133,Pilot,3,2026,Low
1040,4,133,Not Adopted,8,2026,Medium
1041,10,133,Adopted,6,2027,High
1042,4,134,Pilot,7,2027,Low
1043,7,134,Research,8,2024,High
1044,12,134,Pilot,3,2027,High
1045,11,134,Not Adopted,4,2026,High
1046,8,134,Adopted,8,2026,Medium
1047,3,134,Adopted,8,2026,High
1048,2,134,Pilot,10,2025,High
1049,6,134,Not Adopted,7,2024,High
1050,1,134,Pilot,6,2026,Low
1051,5,134,Research,6,2027,Medium
1052,10,134,Research,7,2028,High
1053,9,134,Research,4,2026,Low
1054,3,135,Not Adopted,6,2028,High
1055,2,135,Pilot,8,2026,High
1056,9,135,Adopted,4,2028,Medium
1057,7,135,Not Adopted,5,2028,Medium
1058,6,135,Adopted,7,2028,High
1059,11,135,Adopted,4,2028,Medium
1060,8,135,Adopted,10,2027,Medium
1061,12,135,Not Adopted,7,2027,Low
1062,5,135,Pilot,9,2026,Medium
1063,10,135,Pilot,10,2024,Medium
1064,6,136,Not Adopted,5,2027,Medium
1065,8,136,Pilot,6,2026,High
1066,3,136,Adopted,8,2028,High
1067,1,136,Not Adopted,10,2024,Medium
1068,9,137,Research,3,2025,Medium
1069,4,137,Not Adopted,4,2027,High
1070,12,137,Adopted,4,2025,Medium
1071,7,137,Research,5,2024,Medium
1072,8,137,Not Adopted,4,2028,Low
1073,10,137,Pilot,9,2028,Low
1074,11,137,Adopted,4,2026,High
1075,2,137,Adopted,9,2024,Medium
1076,10,138,Not Adopted,10,2027,High
1077,6,138,Adopted,4,2025,Low
1078,2,138,Research,10,2027,High
1079,4,138,Research,10,2026,Low
1080,1,138,Research,6,2028,High
1081,11,138,Not Adopted,9,2026,Low
1082,12,138,Adopted,3,2024,Medium
1083,4,139,Adopted,7,2027,Low
1084,10,139,Research,9,2027,High
1085,5,139,Research,6,2026,Medium
1086,6,139,Research,5,2026,High
1087,8,139,Pilot,4,2024,Medium
1088,1,139,Adopted,8,2025,Low
1089,7,139,Adopted,7,2027,Low
1090,3,139,Pilot,8,2025,Medium
1091,3,140,Adopted,9,2027,High
1092,1,140,Pilot,4,2025,High
1093,4,140,Not Adopted,4,2027,Low
1094,8,140,Not Adopted,3,2025,Low
1095,10,140,Not Adopted,7,2026,Low
1096,11,140,Adopted,5,2024,Low
1097,2,140,Pilot,9,2028,High
1098,6,140,Pilot,3,2025,High
1099,9,140,Adopted,8,2028,High
1100,5,140,Research,7,2027,Medium
1101,10,141,Pilot,5,2027,High
1102,9,141,Not Adopted,10,2025,Low
1103,4,141,Pilot,9,2025,Low
1104,2,141,Adopted,6,2024,High
1105,11,141,Not Adopted,9,2028,Low
1106,1,141,Adopted,6,2025,Medium
1107,5,141,Adopted,10,2028,High
1108,3,141,Not Adopted,7,2025,Low
1109,8,141,Research,6,2028,High
1110,12,141,Not Adopted,7,2025,High
1111,6,141,Research,3,2025,High
1112,12,142,Not Adopted,6,2024,Low
1113,5,142,Not Adopted,8,2026,Low
1114,3,142,Not Adopted,5,2025,Medium
1115,6,142,Not Adopted,9,2026,Low
1116,5,143,Not Adopted,4,2027,Low
1117,9,143,Pilot,7,2028,Low
1118,11,143,Adopted,9,2028,Low
1119,3,143,Not Adopted,7,2027,High
1120,2,144,Research,9,2026,Medium
1121,8,144,Adopted,4,2027,High
1122,10,144,Research,4,2027,High
1123,5,144,Adopted,8,2027,High
1124,3,144,Not Adopted,3,2028,Low
1125,7,144,Pilot,5,2025,High
1126,1,144,Research,9,2024,Low
1127,9,145,Research,3,2028,Low
1128,10,145,Not Adopted,9,2025,Medium
1129,12,145,Not Adopted,4,2025,Low
1130,8,145,Pilot,3,2028,High
1131,4,145,Adopted,3,2028,Medium
1132,3,145,Research,6,2027,High
1133,1,145,Research,3,2028,Low
1134,7,145,Adopted,6,2026,Medium
1135,5,145,Pilot,10,2026,Low
1136,6,145,Pilot,8,2027,Medium
1137,11,145,Research,9,2028,High
1138,8,146,Research,9,2024,High
1139,12,146,Pilot,9,2026,High
1140,6,146,Adopted,8,2028,High
1141,11,146,Pilot,6,2028,High
1142,4,146,Pilot,3,2025,Low
1143,2,146,Pilot,3,2026,Low
1144,5,146,Adopted,6,2024,High
1145,10,146,Research,7,2024,Low
1146,3,146,Adopted,9,2025,High
1147,1,146,Pilot,7,2028,Medium
1148,9,146,Pilot,5,2028,Low
1149,7,146,Not Adopted,4,2026,Medium
1150,5,147,Pilot,5,2025,Medium
1151,12,147,Adopted,5,2027,High
1152,4,147,Not Adopted,9,2025,Low
1153,9,147,Not Adopted,10,2026,Low
1154,6,147,Not Adopted,9,2027,Medium
1155,7,147,Pilot,8,2026,High
1156,8,147,Research,6,2024,Medium
1157,10,147,Pilot,7,2024,High
1158,4,148,Pilot,5,2025,High
1159,5,148,Adopted,10,2027,Low
1160,12,148,Not Adopted,8,2025,Medium
1161,2,148,Research,9,2025,Low
1162,3,148,Research,9,2026,Medium
1163,6,148,Not Adopted,4,2026,Medium
1164,8,148,Not Adopted,8,2028,Medium
1165,1,148,Pilot,6,2028,Medium
1166,9,148,Not Adopted,4,2027,Medium
1167,12,149,Pilot,8,2028,Low
1168,3,149,Not Adopted,4,2027,Medium
1169,9,149,Research,5,2028,High
1170,5,149,Not Adopted,5,2024,High
1171,4,149,Research,9,2025,Medium
1172,4,150,Research,10,2028,Low
1173,9,150,Research,10,2025,Medium
1174,12,150,Research,9,2025,Medium
1175,10,150,Adopted,9,2028,Low
1176,8,150,Pilot,4,2025,Low
1177,6,150,Research,7,2026,High
1178,1,150,Not Adopted,7,2026,Low
1179,7,150,Pilot,4,2027,Low
1180,3,150,Adopted,5,2026,High
1181,12,151,Adopted,7,2026,High
1182,4,151,Not Adopted,10,2026,High
1183,3,151,Pilot,8,2027,Low
1184,2,151,Adopted,3,2024,Low
1185,6,152,Research,8,2024,Low
1186,5,152,Not Adopted,5,2024,Medium
1187,12,152,Adopted,10,2028,Medium
1188,8,152,Not Adopted,5,2024,Medium
1189,7,152,Research,7,2026,Medium
1190,9,152,Research,5,2027,Low
1191,7,153,Not Adopted,8,2025,High
1192,6,153,Pilot,8,2026,High
1193,9,153,Adopted,7,2025,High
1194,8,153,Adopted,7,2028,Low
1195,5,153,Adopted,7,2027,High
1196,2,153,Not Adopted,10,2025,Medium
1197,4,153,Not Adopted,10,2028,Medium
1198,12,153,Research,6,2024,Low
1199,1,153,Not Adopted,3,2028,High
1200,9,154,Adopted,5,2025,Medium
1201,2,154,Adopted,7,2025,High
1202,10,154,Research,7,2026,Low
1203,11,154,Research,5,2024,Low
1204,6,154,Adopted,4,2025,Medium
1205,12,154,Pilot,4,2026,High
1206,4,155,Not Adopted,9,2025,Medium
1207,5,155,Pilot,6,2026,Medium
1208,8,155,Not Adopted,7,2024,Low
1209,7,155,Research,10,2024,High
1210,2,155,Pilot,5,2026,High
1211,12,155,Research,7,2028,High
1212,3,155,Pilot,6,2024,Medium
1213,9,155,Pilot,5,2025,Medium
1214,3,156,Adopted,8,2024,High
1215,10,156,Research,7,2024,Low
1216,2,156,Research,8,2026,High
1217,6,156,Research,6,2025,Low
1218,9,156,Research,3,2027,High
1219,1,156,Adopted,8,2025,High
1220,7,156,Not Adopted,10,2027,Low
1221,11,156,Adopted,4,2027,Medium
1222,8,156,Not Adopted,7,2024,High
1223,4,157,Research,7,2024,Medium
1224,10,157,Adopted,6,2024,Medium
1225,3,157,Research,10,2025,Medium
1226,5,157,Adopted,10,2026,Low
1227,8,157,Pilot,4,2027,High
1228,9,157,Research,5,2028,High
1229,11,157,Adopted,3,2028,Medium
1230,7,157,Pilot,7,2028,Medium
1231,6,157,Pilot,8,2024,Medium
1232,5,158,Not Adopted,6,2028,Low
1233,3,158,Research,10,2026,Low
1234,12,158,Pilot,4,2024,High
1235,8,158,Not Adopted,6,2025,Medium
1236,10,158,Adopted,3,2028,Low
1237,11,158,Not Adopted,4,2024,Medium
1238,6,158,Adopted,9,2028,Medium
1239,6,159,Not Adopted,8,2027,Low
1240,2,159,Pilot,5,2028,Medium
1241,4,159,Not Adopted,8,2027,Low
1242,8,159,Not Adopted,3,2026,High
1243,3,159,Adopted,9,2028,High
1244,12,159,Not Adopted,4,2027,Low
1245,10,159,Pilot,5,2027,High
1246,9,159,Research,3,2024,Low
1247,5,159,Adopted,3,2025,Low
1248,10,160,Pilot,9,2028,High
1249,6,160,Pilot,9,2028,Medium
1250,5,160,Research,8,2027,High
1251,12,160,Pilot,3,2028,Medium
1252,9,161,Not Adopted,8,2026,Low
1253,7,161,Adopted,7,2028,Low
1254,3,161,Adopted,5,2024,High
1255,4,161,Adopted,3,2024,Low
1256,8,161,Not Adopted,6,2027,High
1257,12,161,Adopted,7,2024,High
1258,11,161,Adopted,6,2025,Medium
1259,6,162,Research,3,2025,High
1260,1,162,Not Adopted,8,2025,High
1261,2,162,Not Adopted,9,2026,High
1262,4,162,Pilot,9,2024,High
1263,3,162,Adopted,8,2024,Medium
1264,11,162,Research,3,2028,Low
1265,5,162,Pilot,4,2024,High
1266,9,162,Adopted,10,2024,Low
1267,10,162,Research,8,2025,High
1268,12,162,Not Adopted,6,2026,Medium
1269,8,162,Pilot,3,2027,Medium
1270,7,162,Not Adopted,3,2028,Low
1271,10,163,Adopted,9,2028,High
1272,8,163,Pilot,10,2026,High
1273,12,163,Research,3,2027,Low
1274,2,163,Pilot,9,2025,High
1275,8,164,Research,3,2024,Low
1276,12,164,Pilot,3,2024,Low
1277,11,164,Not Adopted,10,2026,Low
1278,10,164,Adopted,5,2025,High
1279,8,165,Not Adopted,4,2028,High
1280,7,165,Not Adopted,4,2027,Medium
1281,2,165,Research,6,2028,Low
1282,5,165,Pilot,8,2025,Low
1283,1,165,Not Adopted,6,2028,Low
1284,10,165,Adopted,5,2024,Low
1285,6,165,Adopted,3,2024,Medium
1286,3,165,Adopted,5,2024,Medium
1287,12,165,Not Adopted,4,2027,Medium
1288,4,165,Not Adopted,4,2027,High
1289,3,166,Not Adopted,8,2026,High
1290,12,166,Adopted,10,2026,High
1291,11,166,Adopted,3,2027,High
1292,10,166,Research,4,2028,Medium
1293,8,166,Adopted,6,2026,Medium
1294,9,166,Pilot,7,2026,High
1295,2,166,Pilot,5,2027,Low
1296,5,166,Research,3,2027,Medium
1297,1,166,Research,6,2026,High
1298,4,166,Not Adopted,10,2024,Medium
1299,6,166,Adopted,8,2028,High
1300,11,167,Research,9,2026,High
1301,9,167,Not Adopted,10,2025,High
1302,12,167,Not Adopted,10,2026,Medium
1303,7,167,Pilot,3,2027,Medium
1304,9,168,Pilot,4,2027,Medium
1305,3,168,Pilot,3,2027,Low
1306,7,168,Not Adopted,7,2028,Low
1307,11,168,Adopted,4,2024,Low
1308,6,168,Not Adopted,9,2024,High
1309,4,168,Not Adopted,10,2024,High
1310,10,168,Adopted,10,2025,High
1311,11,169,Pilot,10,2025,High
1312,3,169,Research,8,2025,Low
1313,4,169,Research,4,2024,High
1314,8,169,Adopted,3,2027,Medium
1315,7,169,Research,4,2027,Medium
1316,2,169,Not Adopted,8,2026,Medium
1317,6,169,Adopted,7,2025,Medium
1318,5,170,Adopted,8,2026,Medium
1319,4,170,Not Adopted,3,2024,High
1320,2,170,Pilot,5,2026,High
1321,8,170,Pilot,4,2027,Medium
1322,7,170,Adopted,7,2027,High
1323,10,170,Pilot,6,2026,High
1324,10,171,Research,5,2028,Low
1325,6,171,Adopted,5,2025,Medium
1326,11,171,Adopted,8,2028,Medium
1327,4,171,Research,6,2026,Low
1328,1,171,Not Adopted,10,2025,High
1329,5,171,Not Adopted,4,2028,High
1330,9,171,Pilot,6,2025,High
1331,4,172,Pilot,7,2025,Medium
1332,2,172,Adopted,3,2025,High
1333,5,172,Not Adopted,6,2025,Low
1334,8,172,Not Adopted,3,2024,Medium
1335,11,172,Research,10,2024,High
1336,3,172,Research,9,2028,Medium
1337,9,173,Research,10,2024,Medium
1338,4,173,Research,10,2024,Low
1339,3,173,Not Adopted,4,2025,Medium
1340,7,173,Adopted,6,2025,High
1341,5,173,Pilot,4,2026,Medium
1342,8,173,Pilot,3,2024,Medium
1343,2,173,Pilot,9,2028,High
1344,11,173,Pilot,9,2028,High
1345,6,173,Research,10,2028,Medium
1346,12,173,Pilot,4,2028,Low
1347,5,174,Research,4,2028,Low
1348,3,174,Not Adopted,6,2024,Low
1349,4,174,Pilot,6,2024,High
1350,11,174,Adopted,5,2027,Low
1351,12,174,Not Adopted,5,2024,High
1352,9,174,Pilot,9,2026,High
1353,2,174,Research,7,2028,High
1354,1,174,Adopted,9,2028,Low
1355,8,174,Pilot,8,2025,Low
1356,10,174,Research,9,2026,Medium
1357,6,174,Research,10,2024,High
1358,5,175,Pilot,7,2025,High
1359,4,175,Adopted,3,2024,Low
1360,2,175,Pilot,3,2028,Medium
1361,10,175,Research,6,2027,Medium
1362,6,175,Research,3,2025,Low
1363,3,175,Research,10,2028,High
1364,8,175,Research,7,2025,Medium
1365,12,175,Adopted,6,2027,Medium
1366,11,175,Research,8,2024,High
1367,9,175,Pilot,9,2025,High
1368,1,175,Not Adopted,7,2026,Low
1369,7,175,Pilot,5,2025,Medium
1370,10,176,Pilot,9,2025,Low
1371,9,176,Not Adopted,10,2028,High
1372,7,176,Not Adopted,10,2028,Low
1373,4,176,Adopted,6,2027,Medium
1374,12,176,Adopted,9,2026,High
1375,3,176,Pilot,3,2028,Medium
1376,11,176,Adopted,8,2025,High
1377,2,176,Not Adopted,10,2026,Low
1378,4,177,Pilot,5,2027,Medium
1379,8,177,Pilot,7,2024,Medium
1380,2,177,Adopted,4,2028,High
1381,9,177,Research,9,2025,High
1382,11,177,Research,5,2026,High
1383,7,177,Pilot,3,2024,High
1384,3,177,Not Adopted,4,2026,Medium
1385,6,177,Adopted,8,2024,High
1386,9,178,Adopted,4,2028,Low
1387,6,178,Not Adopted,9,2026,High
1388,1,178,Research,6,2026,Medium
1389,5,178,Not Adopted,3,2026,Medium
1390,11,178,Adopted,5,2028,High
1391,12,178,Adopted,4,2025,Low
1392,7,178,Adopted,6,2026,Medium
1393,2,178,Pilot,3,2026,High
1394,4,178,Pilot,6,2024,Low
1395,8,178,Adopted,9,2027,High
1396,3,178,Adopted,3,2026,Low
1397,1,179,Pilot,8,2024,Low
1398,7,179,Not Adopted,6,2026,Low
1399,2,179,Adopted,6,2025,Low
1400,8,179,Not Adopted,7,2027,Medium
1401,6,179,Adopted,5,2026,Low
1402,11,179,Adopted,8,2028,Medium
1403,9,179,Adopted,7,2028,Low
1404,4,179,Research,7,2024,Medium
1405,10,179,Not Adopted,7,2026,High
1406,3,179,Adopted,8,2028,High
1407,12,179,Adopted,8,2025,Medium
1408,5,179,Not Adopted,3,2025,Medium
1409,1,180,Research,7,2026,Medium
1410,3,180,Pilot,3,2025,Medium
1411,2,180,Research,8,2027,High
1412,5,180,Research,4,2025,High
1413,12,180,Not Adopted,3,2026,Low
1414,6,180,Research,3,2026,High
1415,4,180,Adopted,8,2028,High
1416,7,180,Pilot,10,2025,High
1417,8,180,Adopted,9,2026,Low
1418,9,180,Not Adopted,5,2024,High
1419,8,181,Pilot,4,2028,High
1420,2,181,Not Adopted,8,2024,Medium
1421,5,181,Research,8,2024,Low
1422,7,181,Adopted,4,2026,Medium
1423,11,181,Not Adopted,10,2028,High
1424,10,181,Pilot,3,2025,High
1425,1,181,Pilot,3,2026,High
1426,4,181,Pilot,10,2026,Medium
1427,6,181,Not Adopted,8,2026,Low
1428,3,181,Research,6,2028,Medium
1429,8,182,Adopted,4,2025,Medium
1430,3,182,Pilot,8,2026,Medium
1431,1,182,Not Adopted,8,2028,High
1432,6,182,Research,8,2025,Low
1433,2,182,Adopted,5,2027,Low
1434,11,182,Adopted,4,2025,Medium
1435,10,182,Research,8,2026,High
1436,3,183,Pilot,3,2027,Low
1437,7,183,Research,8,2028,High
1438,5,183,Not Adopted,9,2026,Low
1439,4,183,Research,3,2024,Low
1440,2,183,Pilot,9,2027,Low
1441,1,183,Research,7,2024,High
1442,6,183,Research,5,2027,Medium
1443,11,183,Adopted,7,2028,Medium
1444,12,183,Adopted,10,2027,Low
1445,3,184,Not Adopted,9,2027,Medium
1446,4,184,Adopted,10,2025,Medium
1447,1,184,Not Adopted,10,2025,Low
1448,9,184,Adopted,10,2025,Medium
1449,11,184,Not Adopted,8,2027,Low
1450,5,184,Pilot,5,2025,Low
1451,8,184,Research,5,2027,Medium
1452,2,184,Adopted,3,2027,Low
1453,10,184,Adopted,4,2028,Low
1454,6,184,Pilot,9,2028,Low
1455,7,184,Adopted,4,2024,High
1456,12,184,Adopted,3,2024,Medium
1457,5,185,Adopted,3,2025,High
1458,4,185,Pilot,5,2024,Medium
1459,12,185,Research,6,2024,Low
1460,9,185,Research,7,2027,High
1461,7,185,Research,10,2025,Medium
1462,3,185,Adopted,4,2026,Medium
1463,1,185,Not Adopted,4,2024,Low
1464,2,185,Research,6,2028,High
1465,6,185,Pilot,10,2026,Medium
1466,10,185,Adopted,5,2028,Low
1467,11,185,Pilot,10,2024,Medium
1468,7,186,Pilot,4,2024,Medium
1469,6,186,Research,6,2028,Low
1470,3,186,Not Adopted,6,2028,Medium
1471,10,186,Research,4,2026,High
1472,8,186,Pilot,3,2024,Low
1473,1,186,Research,8,2025,High
1474,4,186,Pilot,3,2027,Medium
1475,10,187,Not Adopted,10,2026,Low
1476,2,187,Not Adopted,3,2024,Medium
1477,12,187,Pilot,9,2026,High
1478,1,187,Research,5,2028,Low
1479,4,187,Not Adopted,10,2027,High
1480,11,187,Adopted,8,2024,Low
1481,3,187,Not Adopted,5,2028,Medium
1482,8,187,Pilot,5,2027,Low
1483,9,187,Research,6,2028,Low
1484,7,187,Adopted,4,2028,High
1485,5,187,Pilot,8,2024,Low
1486,6,187,Not Adopted,9,2026,Low
1487,10,188,Adopted,3,2024,High
1488,12,188,Adopted,10,2026,Low
1489,11,188,Pilot,8,2028,High
1490,3,188,Pilot,6,2026,High
1491,7,188,Adopted,4,2028,Low
1492,4,188,Adopted,7,2028,Medium
1493,9,188,Research,6,2027,High
1494,8,188,Adopted,8,2028,Low
1495,10,189,Adopted,7,2024,Low
1496,8,189,Research,3,2025,Medium
1497,9,189,Research,9,2028,Low
1498,7,189,Research,6,2024,Medium
1499,6,189,Pilot,6,2026,Low
1500,11,189,Adopted,6,2024,Medium
1501,12,190,Adopted,6,2024,Medium
1502,2,190,Adopted,10,2025,Medium
1503,8,190,Adopted,3,2024,High
1504,4,190,Research,3,2027,Low
1505,6,190,Research,7,2028,Low
1506,5,190,Adopted,3,2027,Low
1507,1,190,Pilot,4,2028,High
1508,3,190,Research,5,2028,High
1509,9,191,Not Adopted,6,2025,Medium
1510,2,191,Adopted,6,2025,Medium
1511,6,191,Pilot,4,2026,Medium
1512,1,191,Adopted,9,2025,High
1513,10,191,Not Adopted,7,2026,Low
1514,4,191,Research,5,2027,Low
1515,4,192,Research,3,2028,High
1516,1,192,Adopted,7,2028,High
1517,10,192,Research,9,2025,Low
1518,7,192,Pilot,6,2028,Low
1519,8,192,Not Adopted,9,2028,High
1520,3,192,Research,4,2026,Low
1521,9,192,Adopted,3,2025,High
1522,5,192,Research,8,2024,High
1523,8,193,Adopted,6,2025,High
1524,11,193,Adopted,5,2027,Low
1525,9,193,Not Adopted,4,2028,High
1526,5,193,Pilot,8,2025,Low
1527,2,193,Research,5,2028,Medium
1528,10,194,Adopted,5,2024,High
1529,2,194,Adopted,9,2024,High
1530,1,194,Pilot,7,2024,High
1531,11,194,Pilot,7,2025,Medium
1532,9,194,Research,9,2025,High
1533,12,194,Not Adopted,3,2026,Low
1534,4,194,Not Adopted,10,2028,High
1535,6,194,Not Adopted,10,2025,Low
1536,8,194,Adopted,3,2024,Low
1537,3,194,Research,8,2027,High
1538,1,195,Adopted,4,2025,Low
1539,3,195,Research,8,2027,Low
1540,8,195,Research,6,2027,High
1541,9,195,Pilot,8,2028,High
1542,5,195,Research,8,2025,Low
1543,11,195,Pilot,7,2028,Low
1544,6,195,Adopted,10,2028,Low
1545,4,195,Research,4,2025,Medium
1546,10,195,Not Adopted,10,2026,Medium
1547,3,196,Pilot,5,2027,Medium
1548,6,196,Research,8,2026,High
1549,1,196,Research,10,2028,Medium
1550,12,196,Pilot,6,2027,High
1551,8,197,Research,6,2027,Low
1552,4,197,Not Adopted,7,2026,Medium
1553,12,197,Research,8,2027,High
1554,7,197,Pilot,6,2025,Low
1555,2,197,Research,9,2027,High
1556,9,197,Research,3,2027,High
1557,11,197,Not Adopted,3,2024,High
1558,1,197,Not Adopted,10,2024,Medium
1559,10,197,Not Adopted,4,2028,High
1560,5,197,Research,10,2027,High
1561,4,198,Not Adopted,8,2026,High
1562,2,198,Adopted,6,2025,High
1563,11,198,Pilot,10,2025,Medium
1564,5,198,Research,8,2026,Low
1565,6,198,Research,5,2024,High
1566,7,198,Adopted,7,2027,Medium
1567,12,198,Research,6,2024,High
1568,9,198,Not Adopted,4,2024,Low
1569,3,198,Adopted,10,2024,Medium
1570,3,199,Adopted,9,2026,Low
1571,4,199,Pilot,3,2028,High
1572,2,199,Adopted,8,2026,Medium
1573,11,199,Not Adopted,5,2026,Medium
1574,7,199,Adopted,5,2028,Medium
1575,1,199,Research,5,2025,High
1576,6,199,Research,9,2028,High
1577,12,199,Adopted,4,2028,Low
1578,9,199,Adopted,9,2024,High
1579,10,199,Research,10,2024,High
1580,9,200,Not Adopted,10,2024,High
1581,3,200,Pilot,8,2027,Low
1582,5,200,Not Adopted,10,2028,Low
1583,11,200,Research,10,2027,High
1584,6,200,Adopted,4,2027,Low
1585,12,201,Pilot,7,2026,Low
1586,9,201,Adopted,5,2025,High
1587,8,201,Pilot,9,2027,Low
1588,2,201,Research,10,2026,Low
1589,6,201,Not Adopted,3,2027,Low
1590,4,201,Adopted,5,2025,Low
1591,11,201,Adopted,3,2024,Medium
1592,1,202,Not Adopted,10,2027,Low
1593,5,202,Not Adopted,5,2027,Low
1594,4,202,Adopted,3,2025,High
1595,7,202,Research,10,2024,High
1596,12,202,Research,9,2024,High
1597,9,202,Adopted,6,2025,Low
1598,10,202,Research,10,2027,Medium
1599,2,202,Adopted,10,2026,Medium
1600,6,203,Research,8,2026,High
1601,3,203,Research,9,2025,High
1602,7,203,Not Adopted,8,2026,Medium
1603,5,203,Not Adopted,3,2025,High
1604,11,203,Not Adopted,4,2026,High
1605,1,203,Pilot,6,2025,High
1606,10,203,Pilot,3,2026,Medium
1607,2,203,Adopted,8,2025,Medium
1608,8,203,Adopted,4,2028,High
1609,4,203,Not Adopted,6,2025,Low
1610,9,203,Adopted,5,2027,Medium
1611,12,203,Pilot,4,2026,Low
1612,6,204,Adopted,4,2027,Medium
1613,3,204,Research,8,2028,Medium
1614,1,204,Not Adopted,4,2027,Low
1615,2,204,Pilot,9,2027,Medium
1616,4,204,Adopted,7,2026,High
1617,5,204,Research,3,2024,Medium
1618,8,204,Research,8,2027,Medium
1619,9,204,Pilot,3,2027,Low
1620,7,205,Adopted,9,2028,High
1621,3,205,Pilot,10,2026,High
1622,9,205,Pilot,6,2026,High
1623,6,205,Research,10,2026,Medium
1624,1,205,Research,8,2025,High
1625,8,205,Adopted,5,2027,High
1626,4,205,Pilot,5,2027,High
1627,2,205,Pilot,7,2026,Low
1628,11,205,Adopted,3,2028,Medium
1629,10,205,Not Adopted,8,2028,Low
1630,12,205,Research,9,2025,High
1631,10,206,Pilot,3,2027,High
1632,4,206,Adopted,8,2025,Medium
1633,11,206,Not Adopted,7,2024,High
1634,12,206,Adopted,6,2025,Medium
1635,2,206,Not Adopted,7,2024,Low
1636,8,206,Adopted,7,2028,Low
1637,9,207,Not Adopted,3,2028,High
1638,7,207,Research,7,2025,Medium
1639,1,207,Adopted,4,2027,High
1640,10,207,Not Adopted,9,2028,Medium
1641,11,207,Pilot,8,2024,High
1642,3,207,Adopted,7,2027,Low
1643,4,207,Research,10,2027,Low
1644,2,207,Pilot,7,2025,Medium
1645,6,207,Adopted,8,2025,Medium
1646,12,207,Adopted,8,2027,High
1647,5,207,Adopted,9,2027,Low
1648,8,207,Adopted,4,2024,Medium
1649,5,208,Research,6,2027,High
1650,4,208,Pilot,3,2027,Medium
1651,7,208,Research,7,2028,Low
1652,8,208,Adopted,8,2028,Low
1653,9,208,Pilot,10,2024,High
1654,11,208,Research,5,2024,High
1655,2,208,Not Adopted,10,2025,Medium
1656,12,208,Not Adopted,5,2024,Medium
1657,10,208,Adopted,9,2027,Low
1658,6,208,Not Adopted,6,2024,Low
1659,1,208,Not Adopted,7,2026,Low
1660,7,209,Research,3,2028,High
1661,11,209,Not Adopted,5,2025,Medium
1662,12,209,Not Adopted,7,2026,Low
1663,2,209,Pilot,4,2025,Low
1664,3,209,Research,4,2026,Low
1665,4,209,Pilot,10,2027,Low
1666,9,209,Adopted,6,2026,Medium
1667,8,209,Adopted,7,2024,Medium
1668,10,209,Not Adopted,7,2027,High
1669,1,209,Pilot,9,2028,High
1670,5,209,Pilot,7,2024,High
1671,6,209,Research,3,2024,Medium
1672,11,210,Pilot,4,2024,Low
1673,1,210,Pilot,5,2026,Low
1674,12,210,Research,7,2028,High
1675,6,210,Pilot,6,2025,Low
1676,8,210,Adopted,9,2028,High
1677,9,210,Research,6,2028,Medium
1678,4,210,Not Adopted,8,2027,High
1679,2,210,Adopted,9,2027,High
1680,3,210,Adopted,3,2026,Low
1681,4,211,Research,7,2027,Low
1682,6,211,Not Adopted,8,2028,Medium
1683,5,211,Pilot,7,2024,High
1684,11,211,Adopted,10,2028,Low
1685,2,211,Not Adopted,7,2027,Medium
1686,9,211,Not Adopted,8,2025,High
1687,7,211,Adopted,6,2027,High
1688,10,211,Research,8,2025,Low
1689,12,211,Not Adopted,7,2027,High
1690,1,211,Adopted,6,2024,Low
1691,10,212,Not Adopted,3,2025,Medium
1692,7,212,Adopted,7,2028,Low
1693,4,212,Not Adopted,6,2025,High
1694,12,212,Pilot,10,2025,Medium
1695,11,212,Not Adopted,4,2028,Low
1696,3,212,Pilot,9,2025,Medium
1697,9,212,Not Adopted,3,2024,Low
1698,1,212,Adopted,4,2025,High
1699,5,212,Pilot,5,2028,Medium
1700,12,213,Adopted,9,2026,Low
1701,1,213,Not Adopted,3,2028,High
1702,7,213,Adopted,7,2026,Medium
1703,2,213,Research,4,2028,High
1704,4,213,Adopted,9,2025,Low
1705,8,213,Research,10,2028,High
1706,3,213,Pilot,8,2028,Medium
1707,3,214,Adopted,3,2025,High
1708,8,214,Pilot,10,2028,Low
1709,6,214,Research,8,2024,High
1710,5,214,Not Adopted,3,2026,Medium
1711,9,214,Research,10,2024,High
1712,4,214,Not Adopted,4,2024,High
1713,1,214,Research,8,2026,Medium
1714,11,214,Not Adopted,10,2027,Low
1715,7,214,Pilot,3,2028,High
1716,12,215,Adopted,6,2028,High
1717,3,215,Pilot,7,2027,Low
1718,5,215,Adopted,3,2028,Low
1719,4,215,Pilot,6,2025,Low
1720,5,216,Research,3,2028,Low
1721,10,216,Research,4,2025,Medium
1722,7,216,Adopted,10,2028,Medium
1723,2,216,Not Adopted,4,2026,Medium
1724,12,216,Not Adopted,4,2024,Low
1725,4,216,Adopted,7,2024,Medium
1726,5,217,Not Adopted,10,2024,Medium
1727,7,217,Pilot,8,2025,Low
1728,12,217,Research,3,2028,Medium
1729,4,217,Research,8,2024,High
1730,6,217,Pilot,8,2026,Medium
1731,8,217,Pilot,7,2026,Low
1732,9,217,Not Adopted,4,2027,Medium
1733,1,217,Pilot,4,2024,High
1734,3,217,Pilot,7,2028,High
1735,9,218,Not Adopted,10,2026,Medium
1736,10,218,Not Adopted,10,2026,Medium
1737,4,218,Adopted,8,2028,Low
1738,2,218,Adopted,7,2026,High
1739,12,218,Research,5,2025,Low
1740,11,218,Not Adopted,10,2025,Medium
1741,6,218,Research,10,2027,High
1742,8,218,Research,8,2028,Low
1743,1,218,Research,4,2026,High
1744,5,218,Research,8,2026,High
1745,3,218,Research,5,2025,Low
1746,11,219,Not Adopted,7,2028,Medium
1747,7,219,Not Adopted,6,2027,Low
1748,4,219,Research,10,2024,Medium
1749,2,219,Pilot,6,2028,Low
1750,6,219,Adopted,5,2025,Low
1751,2,220,Not Adopted,8,2025,High
1752,4,220,Pilot,10,2028,Medium
1753,1,220,Adopted,3,2028,High
1754,3,220,Not Adopted,5,2028,High
1755,10,220,Adopted,10,2026,High
1756,6,220,Pilot,5,2027,Medium
1757,8,220,Not Adopted,5,2025,Medium
1758,11,220,Pilot,4,2024,High
1759,7,220,Research,3,2024,Medium
1760,9,220,Research,4,2025,Low
1761,2,221,Research,4,2026,Low
1762,5,221,Not Adopted,7,2026,Low
1763,10,221,Pilot,10,2026,Medium
1764,6,221,Pilot,6,2025,High
1765,9,222,Adopted,5,2027,Low
1766,1,222,Adopted,4,2025,High
1767,5,222,Adopted,9,2024,Medium
1768,12,222,Pilot,3,2026,High
1769,2,223,Not Adopted,7,2025,Low
1770,12,223,Research,3,2027,Low
1771,10,223,Pilot,6,2025,Low
1772,5,223,Research,3,2024,Medium
1773,5,224,Research,6,2025,Low
1774,12,224,Adopted,6,2024,Medium
1775,8,224,Adopted,8,2024,Low
1776,10,224,Adopted,8,2027,High
1777,7,224,Research,4,2027,High
1778,11,224,Research,10,2024,Low
1779,3,224,Pilot,3,2025,Low
1780,9,224,Adopted,8,2025,High
1781,10,225,Adopted,7,2026,Medium
1782,5,225,Not Adopted,5,2026,Medium
1783,1,225,Pilot,3,2026,High
1784,9,225,Pilot,5,2026,Medium
1785,6,225,Adopted,3,2025,Medium
1786,4,226,Pilot,6,2024,High
1787,11,226,Adopted,6,2027,Medium
1788,6,226,Pilot,9,2027,Medium
1789,2,226,Not Adopted,9,2024,High
1790,9,227,Pilot,10,2027,High
1791,6,227,Not Adopted,5,2024,Low
1792,11,227,Research,5,2028,Medium
1793,8,227,Research,5,2024,High
1794,4,227,Research,8,2028,Medium
1795,10,227,Adopted,4,2027,High
1796,1,227,Research,7,2025,High
1797,7,227,Research,7,2024,Low
1798,12,227,Adopted,5,2025,Medium
1799,3,227,Pilot,8,2024,High
1800,5,227,Research,7,2027,Low
1801,7,228,Adopted,3,2028,Low
1802,4,228,Not Adopted,9,2025,Medium
1803,2,228,Research,5,2025,High
1804,12,228,Pilot,3,2025,High
1805,10,228,Not Adopted,9,2025,Medium
1806,3,228,Research,6,2024,Medium
1807,8,228,Not Adopted,10,2025,High
1808,5,228,Adopted,8,2024,Medium
1809,11,228,Pilot,4,2027,High
1810,9,228,Pilot,4,2027,Medium
1811,1,228,Not Adopted,5,2028,High
1812,8,229,Not Adopted,8,2025,High
1813,5,229,Not Adopted,7,2027,High
1814,10,229,Not Adopted,7,2025,Medium
1815,11,229,Adopted,3,2027,High
1816,4,229,Research,7,2025,Medium
1817,12,229,Research,4,2024,Medium
1818,6,229,Research,7,2027,Medium
1819,2,229,Research,8,2025,High
1820,7,229,Adopted,6,2025,Low
1821,12,230,Not Adopted,4,2025,Medium
1822,5,230,Pilot,8,2025,High
1823,6,230,Adopted,5,2028,Low
1824,10,230,Adopted,4,2025,Medium
1825,9,230,Research,3,2026,Medium
1826,8,230,Research,8,2027,Low
1827,7,230,Not Adopted,8,2028,Low
1828,1,230,Not Adopted,4,2025,Low
1829,9,231,Adopted,9,2028,Low
1830,10,231,Research,9,2024,High
1831,6,231,Research,3,2028,High
1832,11,231,Research,4,2026,Medium
1833,2,231,Not Adopted,4,2027,High
1834,3,231,Not Adopted,4,2024,Low
1835,8,231,Not Adopted,9,2024,Medium
1836,1,231,Pilot,9,2027,Medium
1837,12,231,Adopted,7,2025,Low
1838,5,231,Adopted,6,2025,High
1839,7,232,Adopted,9,2027,High
1840,2,232,Research,8,2026,Medium
1841,6,232,Adopted,7,2025,Medium
1842,10,232,Adopted,6,2025,Low
1843,8,232,Adopted,8,2026,Medium
1844,12,232,Not Adopted,9,2024,Medium
1845,9,233,Pilot,8,2027,High
1846,8,233,Adopted,10,2026,High
1847,5,233,Adopted,4,2025,High
1848,7,233,Adopted,9,2025,High
1849,6,233,Research,5,2024,Low
1850,1,233,Research,4,2025,High
1851,12,233,Adopted,10,2026,Medium
1852,2,233,Pilot,6,2026,High
1853,11,233,Adopted,4,2025,Low
1854,10,233,Pilot,7,2027,High
1855,3,233,Adopted,3,2024,High
1856,4,233,Adopted,9,2026,Medium
1857,9,234,Adopted,6,2024,Low
1858,10,234,Adopted,5,2024,High
1859,5,234,Pilot,3,2024,Low
1860,2,234,Adopted,5,2024,Medium
1861,11,234,Pilot,9,2025,Medium
1862,6,234,Pilot,9,2027,Medium
1863,1,235,Not Adopted,9,2026,Medium
1864,8,235,Research,7,2028,High
1865,6,235,Research,9,2028,Medium
1866,10,235,Adopted,5,2027,High
1867,11,235,Not Adopted,7,2027,High
1868,4,235,Research,5,2027,High
1869,9,235,Not Adopted,4,2028,Medium
1870,3,235,Pilot,6,2027,Low
1871,5,235,Research,8,2027,Low
1872,7,235,Research,5,2025,Low
1873,12,236,Pilot,5,2024,Low
1874,4,236,Adopted,3,2027,Medium
1875,3,236,Research,6,2025,Low
1876,10,236,Adopted,8,2025,Medium
1877,11,236,Adopted,5,2024,Medium
1878,1,236,Not Adopted,8,2026,Medium
1879,2,236,Not Adopted,5,2026,Low
1880,7,237,Research,7,2027,Low
1881,9,237,Adopted,8,2025,Low
1882,11,237,Pilot,9,2024,Medium
1883,1,237,Not Adopted,6,2024,Medium
1884,5,237,Research,4,2028,Low
1885,12,237,Adopted,4,2028,Medium
1886,8,238,Research,9,2024,High
1887,9,238,Research,7,2024,High
1888,10,238,Not Adopted,8,2027,Low
1889,4,238,Not Adopted,10,2027,Low
1890,11,238,Adopted,7,2025,Medium
1891,12,238,Adopted,6,2026,Low
1892,1,239,Pilot,8,2024,Medium
1893,3,239,Adopted,5,2024,Medium
1894,4,239,Pilot,7,2025,High
1895,5,239,Adopted,10,2028,High
1896,12,239,Adopted,10,2028,Medium
1897,11,239,Adopted,10,2024,Medium
1898,6,239,Pilot,3,2025,Medium
1899,7,239,Research,3,2027,Medium
1900,8,239,Adopted,10,2025,Medium
1901,5,240,Research,5,2025,Medium
1902,6,240,Not Adopted,7,2026,Medium
1903,11,240,Adopted,8,2028,Low
1904,7,240,Adopted,10,2024,High
1905,12,240,Not Adopted,8,2027,Low
1906,4,241,Pilot,3,2028,Medium
1907,8,241,Research,4,2025,High
1908,5,241,Not Adopted,3,2028,Medium
1909,7,241,Adopted,4,2024,High
1910,3,241,Adopted,7,2026,Medium
1911,9,241,Adopted,7,2025,Medium
1912,12,241,Not Adopted,5,2024,Low
1913,6,241,Pilot,7,2027,High
1914,2,241,Research,6,2025,High
1915,10,241,Not Adopted,7,2027,Low
1916,1,241,Pilot,6,2025,High
1917,10,242,Research,3,2025,Low
1918,6,242,Not Adopted,4,2024,High
1919,3,242,Pilot,8,2026,High
1920,2,242,Adopted,8,2024,High
1921,11,242,Pilot,3,2028,Low
1922,6,243,Adopted,3,2024,High
1923,9,243,Adopted,10,2024,Low
1924,2,243,Not Adopted,3,2024,High
1925,11,243,Not Adopted,3,2028,Medium
1926,1,243,Research,8,2028,Low
1927,5,243,Not Adopted,3,2024,Low
1928,6,244,Pilot,5,2028,Low
1929,3,244,Pilot,9,2025,Low
1930,9,244,Research,3,2024,Medium
1931,2,244,Pilot,5,2026,High
1932,12,244,Not Adopted,5,2027,High
1933,10,244,Adopted,8,2026,Medium
1934,5,244,Research,10,2024,Medium
1935,7,244,Adopted,9,2025,Low
1936,1,244,Pilot,10,2028,High
1937,11,244,Adopted,9,2028,Medium
1938,4,244,Not Adopted,4,2027,Low
1939,3,245,Not Adopted,7,2025,Low
1940,11,245,Adopted,5,2027,Medium
1941,7,245,Pilot,10,2024,Low
1942,2,245,Not Adopted,10,2026,Medium
1943,9,245,Research,9,2027,Low
1944,12,245,Not Adopted,4,2026,High
1945,8,245,Not Adopted,9,2024,Medium
1946,4,245,Pilot,3,2026,High
1947,10,245,Not Adopted,10,2024,High
1948,3,246,Adopted,3,2025,Medium
1949,8,246,Research,6,2026,High
1950,5,246,Research,3,2025,Low
1951,9,246,Adopted,4,2024,Medium
1952,11,246,Pilot,6,2028,High
1953,7,246,Research,8,2027,Medium
1954,11,247,Adopted,6,2025,Medium
1955,12,247,Research,4,2024,Low
1956,10,247,Adopted,5,2024,Medium
1957,9,247,Adopted,6,2026,Low
1958,3,247,Adopted,6,2028,High
1959,10,248,Research,4,2024,High
1960,4,248,Adopted,9,2028,Low
1961,12,248,Adopted,3,2025,High
1962,8,248,Pilot,4,2028,Medium
1963,3,248,Pilot,5,2028,Medium
1964,2,249,Pilot,5,2028,High
1965,12,249,Not Adopted,3,2028,High
1966,10,249,Pilot,7,2027,Low
1967,5,249,Not Adopted,8,2024,High
1968,8,249,Not Adopted,4,2028,Medium
1969,9,249,Adopted,7,2027,Medium
1970,1,249,Not Adopted,7,2024,High
1971,3,249,Adopted,9,2027,Medium
1972,6,249,Adopted,9,2028,Low
1973,4,249,Not Adopted,5,2028,High
1974,10,250,Research,9,2025,High
1975,7,250,Not Adopted,8,2025,Medium
1976,4,250,Adopted,5,2028,Medium
1977,11,250,Adopted,3,2025,Medium
1978,3,250,Adopted,6,2026,Medium
1979,9,251,Not Adopted,7,2025,High
1980,8,251,Not Adopted,8,2026,Medium
1981,1,251,Not Adopted,4,2025,Medium
1982,10,251,Adopted,3,2026,Medium
1983,5,251,Not Adopted,4,2025,Low
1984,4,252,Not Adopted,8,2026,Medium
1985,6,252,Adopted,3,2026,Medium
1986,8,252,Adopted,6,2026,Low
1987,5,252,Pilot,7,2025,High
1988,11,253,Research,4,2027,Low
1989,10,253,Pilot,9,2027,Medium
1990,9,253,Adopted,8,2026,High
1991,12,253,Adopted,3,2025,High
1992,1,253,Pilot,4,2026,Low
1993,5,254,Adopted,5,2026,High
1994,1,254,Pilot,6,2024,High
1995,3,254,Research,6,2025,High
1996,11,254,Research,9,2028,Low
1997,7,254,Pilot,5,2028,High
1998,4,254,Research,10,2024,Low
1999,8,254,Adopted,4,2028,Low
2000,10,254,Research,5,2028,High
2001,2,254,Not Adopted,10,2025,Low
2002,9,254,Pilot,10,2027,Medium
2003,6,254,Not Adopted,6,2024,High
2004,8,255,Pilot,8,2025,High
2005,2,255,Adopted,10,2026,High
2006,11,255,Adopted,6,2026,Low
2007,1,255,Research,10,2026,High
2008,9,255,Pilot,6,2025,Low
2009,3,255,Not Adopted,4,2024,Low
2010,12,255,Pilot,10,2025,Medium
2011,4,255,Adopted,3,2025,Medium
2012,10,255,Adopted,10,2024,High
2013,9,256,Not Adopted,4,2026,Medium
2014,1,256,Adopted,6,2024,Low
2015,11,256,Pilot,8,2027,Low
2016,8,256,Research,8,2024,Low
2017,12,256,Adopted,10,2028,Medium
2018,3,256,Pilot,6,2028,Low
2019,6,256,Not Adopted,9,2027,Medium
2020,5,256,Adopted,9,2026,Medium
2021,4,256,Not Adopted,5,2025,Low
2022,7,256,Not Adopted,9,2024,High
2023,10,256,Pilot,10,2026,High
2024,2,256,Pilot,5,2027,Medium
2025,6,257,Not Adopted,5,2027,Low
2026,1,257,Adopted,7,2025,Low
2027,2,257,Not Adopted,3,2024,Medium
2028,8,257,Pilot,10,2027,Low
2029,7,257,Adopted,5,2028,Medium
2030,9,257,Research,10,2024,High
2031,4,257,Pilot,8,2024,Low
2032,10,257,Adopted,6,2027,Medium
2033,5,257,Research,4,2026,Low
2034,10,258,Not Adopted,10,2027,High
2035,11,258,Not Adopted,3,2028,Medium
2036,3,258,Adopted,6,2025,Low
2037,4,258,Research,7,2026,Low
2038,6,258,Pilot,8,2027,High
2039,1,258,Adopted,10,2024,High
2040,11,259,Not Adopted,3,2028,Low
2041,9,259,Not Adopted,7,2026,Low
2042,10,259,Pilot,8,2028,Low
2043,12,259,Not Adopted,9,2028,Medium
2044,6,259,Research,5,2025,High
2045,3,259,Pilot,3,2027,Low
2046,5,259,Research,3,2025,High
2047,2,259,Not Adopted,8,2028,Medium
2048,1,259,Adopted,7,2026,Low
2049,7,259,Pilot,9,2027,Low
2050,8,259,Not Adopted,4,2025,Medium
2051,10,260,Not Adopted,10,2026,Medium
2052,11,260,Not Adopted,5,2026,High
2053,2,260,Not Adopted,4,2028,High
2054,12,260,Pilot,5,2024,Low
2055,5,260,Research,7,2027,High
2056,1,260,Not Adopted,4,2026,Medium
2057,9,260,Research,8,2024,Low
2058,8,261,Pilot,9,2025,High
2059,11,261,Pilot,9,2024,Medium
2060,6,261,Research,10,2026,High
2061,9,261,Research,3,2028,High
2062,12,261,Pilot,3,2025,Low
2063,5,261,Research,4,2028,Low
2064,1,261,Adopted,8,2027,High
2065,3,261,Research,3,2027,Low
2066,2,261,Pilot,5,2026,High
2067,1,262,Pilot,10,2028,High
2068,12,262,Adopted,10,2026,Low
2069,9,262,Pilot,8,2026,High
2070,10,262,Pilot,6,2027,Low
2071,7,262,Pilot,7,2027,High
2072,4,262,Research,7,2025,Low
2073,7,263,Adopted,3,2027,Low
2074,11,263,Pilot,9,2024,Low
2075,10,263,Adopted,8,2026,High
2076,4,263,Pilot,5,2027,Medium
2077,3,263,Adopted,8,2028,High
2078,5,263,Adopted,4,2028,Medium
2079,6,263,Adopted,10,2028,High
2080,1,263,Pilot,9,2028,Low
2081,8,263,Research,5,2025,High
2082,12,263,Not Adopted,9,2028,Low
2083,9,263,Pilot,6,2028,Low
2084,2,263,Adopted,7,2028,Medium
2085,1,264,Adopted,3,2025,High
2086,7,264,Pilot,10,2026,Low
2087,10,264,Pilot,5,2024,High
2088,5,264,Pilot,4,2027,High
2089,6,264,Adopted,8,2026,Medium
2090,8,264,Research,6,2024,Low
2091,12,264,Adopted,5,2025,Medium
2092,4,264,Research,3,2027,Medium
2093,9,264,Adopted,3,2026,High
2094,11,264,Not Adopted,3,2027,Low
2095,2,264,Adopted,4,2026,Low
2096,8,265,Adopted,3,2025,Low
2097,4,265,Pilot,4,2028,Low
2098,1,265,Research,7,2027,High
2099,6,265,Pilot,3,2025,Medium
2100,3,265,Adopted,8,2025,Medium
2101,9,265,Adopted,4,2027,High
2102,10,265,Adopted,9,2025,Low
2103,12,265,Research,10,2027,Low
2104,10,266,Not Adopted,9,2024,Low
2105,9,266,Adopted,3,2028,High
2106,6,266,Pilot,9,2024,Low
2107,8,266,Pilot,6,2027,Low
2108,2,266,Pilot,9,2027,Medium
2109,12,266,Not Adopted,5,2025,Medium
2110,11,266,Research,10,2028,Low
2111,4,266,Adopted,3,2024,Medium
2112,1,266,Adopted,5,2026,Low
2113,6,267,Adopted,4,2027,Low
2114,2,267,Research,8,2026,High
2115,10,267,Research,10,2027,Medium
2116,3,267,Not Adopted,9,2027,Medium
2117,8,268,Not Adopted,10,2027,Medium
2118,7,268,Not Adopted,9,2027,Medium
2119,9,268,Pilot,6,2026,High
2120,3,268,Research,5,2024,Low
2121,11,268,Not Adopted,5,2026,High
2122,5,268,Pilot,6,2027,Medium
2123,2,268,Adopted,9,2028,Low
2124,12,268,Research,3,2027,Medium
2125,1,268,Research,7,2028,High
2126,4,268,Pilot,5,2025,Medium
2127,6,268,Research,9,2028,Medium
2128,12,269,Pilot,5,2025,High
2129,2,269,Not Adopted,8,2027,Medium
2130,11,269,Adopted,5,2028,High
2131,9,269,Research,3,2026,Medium
2132,6,269,Research,7,2025,High
2133,8,269,Not Adopted,8,2024,Low
2134,1,269,Adopted,4,2026,Medium
2135,5,269,Research,5,2026,Low
2136,4,269,Not Adopted,4,2024,Medium
2137,10,269,Research,6,2024,Medium
2138,7,269,Pilot,5,2024,High
2139,3,269,Adopted,5,2026,Low
2140,12,270,Pilot,8,2028,High
2141,10,270,Not Adopted,3,2026,High
2142,7,270,Adopted,4,2026,High
2143,9,270,Not Adopted,10,2027,High
2144,4,270,Adopted,4,2024,Medium
2145,8,270,Not Adopted,9,2028,High
2146,6,270,Adopted,7,2025,High
2147,5,270,Adopted,7,2027,High
2148,1,270,Not Adopted,10,2026,Medium
2149,11,270,Not Adopted,10,2024,High
2150,2,270,Not Adopted,5,2025,Low
2151,9,271,Pilot,5,2026,Low
2152,4,271,Pilot,5,2025,High
2153,8,271,Not Adopted,10,2026,Low
2154,3,271,Adopted,3,2027,High
2155,6,271,Not Adopted,4,2025,High
2156,7,271,Not Adopted,5,2026,Medium
2157,12,271,Adopted,4,2024,Low
2158,1,271,Not Adopted,7,2024,Low
2159,11,271,Adopted,4,2027,Low
2160,10,271,Research,4,2025,Low
2161,5,271,Adopted,6,2025,Medium
2162,8,272,Pilot,5,2026,High
2163,1,272,Not Adopted,7,2025,Low
2164,9,272,Not Adopted,6,2026,High
2165,7,272,Not Adopted,8,2027,Medium
2166,3,272,Not Adopted,4,2024,Low
2167,10,272,Research,4,2025,Medium
2168,11,272,Research,3,2025,High
2169,7,273,Not Adopted,6,2024,High
2170,1,273,Research,8,2024,Low
2171,5,273,Not Adopted,10,2027,Low
2172,9,273,Adopted,5,2025,High
2173,12,273,Adopted,10,2028,Low
2174,3,273,Not Adopted,4,2024,High
2175,4,273,Adopted,6,2028,Low
2176,7,274,Adopted,7,2024,Low
2177,12,274,Adopted,5,2027,Medium
2178,9,274,Not Adopted,4,2028,High
2179,8,274,Pilot,4,2025,High
2180,5,274,Research,5,2028,Medium
2181,2,274,Pilot,6,2026,High
2182,6,274,Pilot,10,2026,Medium
2183,3,274,Pilot,8,2028,Medium
2184,11,274,Pilot,5,2026,High
2185,3,275,Research,9,2025,Low
2186,10,275,Adopted,5,2024,High
2187,11,275,Adopted,7,2027,Low
2188,2,275,Adopted,4,2025,High
2189,1,275,Pilot,3,2027,High
2190,6,275,Adopted,8,2024,High
2191,7,275,Not Adopted,8,2024,Medium
2192,5,275,Pilot,9,2024,Medium
2193,4,275,Research,4,2027,Low
2194,5,276,Not Adopted,10,2024,High
2195,3,276,Research,10,2024,Low
2196,11,276,Research,10,2028,Medium
2197,1,276,Pilot,10,2028,Medium
2198,6,276,Not Adopted,9,2024,Medium
2199,4,276,Not Adopted,9,2024,Medium
2200,8,276,Research,5,2028,Low
2201,12,276,Not Adopted,8,2026,Medium
2202,1,277,Research,6,2027,High
2203,9,277,Pilot,8,2024,Medium
2204,7,277,Pilot,4,2024,High
2205,11,277,Adopted,9,2027,Medium
2206,5,277,Pilot,10,2026,Low
2207,4,277,Adopted,5,2027,High
2208,6,278,Research,8,2027,Medium
2209,12,278,Pilot,8,2026,Low
2210,4,278,Pilot,7,2024,Low
2211,10,278,Adopted,9,2028,High
2212,2,279,Not Adopted,10,2025,High
2213,1,279,Adopted,5,2025,Low
2214,6,279,Pilot,6,2024,Medium
2215,11,279,Pilot,4,2026,High
2216,3,279,Not Adopted,8,2027,High
2217,8,279,Pilot,7,2027,Low
2218,10,279,Research,9,2027,Medium
2219,5,279,Adopted,4,2028,High
2220,7,279,Research,8,2026,Low
2221,12,279,Adopted,6,2025,Medium
2222,4,279,Adopted,3,2027,Medium
2223,2,280,Adopted,3,2027,High
2224,5,280,Pilot,6,2025,High
2225,9,280,Research,4,2026,High
2226,10,280,Pilot,8,2026,Low
2227,6,280,Not Adopted,8,2025,Low
2228,8,280,Not Adopted,10,2026,Low
2229,11,280,Adopted,7,2024,Low
2230,3,280,Not Adopted,4,2027,Medium
2231,1,280,Research,9,2028,High
2232,4,280,Adopted,9,2027,Medium
2233,7,280,Not Adopted,6,2026,Medium
2234,5,281,Research,4,2028,Low
2235,2,281,Adopted,5,2025,Medium
2236,8,281,Not Adopted,7,2026,Medium
2237,1,281,Not Adopted,5,2025,Medium
2238,6,281,Adopted,6,2028,Medium
2239,10,281,Research,5,2027,High
2240,4,281,Pilot,4,2025,High
2241,7,281,Pilot,9,2027,High
2242,9,281,Research,5,2025,Low
2243,11,281,Adopted,6,2027,Medium
2244,12,281,Pilot,10,2025,Medium
2245,3,281,Research,3,2024,High
2246,8,282,Not Adopted,7,2026,High
2247,1,282,Pilot,5,2027,Low
2248,12,282,Research,6,2027,Low
2249,10,282,Not Adopted,7,2025,Low
2250,6,282,Adopted,4,2025,Medium
2251,3,282,Pilot,10,2025,Low
2252,5,282,Research,3,2026,Low
2253,7,282,Pilot,5,2027,High
2254,2,282,Adopted,4,2025,High
2255,9,282,Pilot,7,2026,Medium
2256,4,282,Pilot,5,2024,Medium
2257,10,283,Not Adopted,4,2026,Medium
2258,3,283,Not Adopted,4,2025,Low
2259,8,283,Research,8,2025,Medium
2260,5,283,Adopted,8,2025,Medium
2261,12,283,Not Adopted,7,2027,High
2262,11,283,Adopted,7,2026,High
2263,4,283,Not Adopted,4,2028,Low
2264,2,283,Not Adopted,10,2026,High
2265,9,283,Research,8,2026,Low
2266,1,283,Adopted,9,2028,High
2267,7,283,Research,8,2026,Low
2268,8,284,Adopted,9,2025,Low
2269,3,284,Research,3,2028,Low
2270,2,284,Pilot,7,2024,Medium
2271,4,284,Not Adopted,10,2028,Low
2272,1,284,Adopted,8,2027,Medium
2273,11,284,Pilot,4,2026,Medium
2274,7,284,Research,5,2024,Low
2275,12,284,Not Adopted,6,2025,High
2276,5,284,Research,7,2027,Medium
2277,6,284,Pilot,10,2026,Medium
2278,9,285,Adopted,3,2025,Medium
2279,12,285,Pilot,6,2026,Low
2280,1,285,Research,7,2027,Medium
2281,6,285,Research,5,2026,Medium
2282,3,285,Adopted,9,2025,Medium
2283,12,286,Research,5,2028,Medium
2284,9,286,Pilot,3,2028,High
2285,3,286,Adopted,6,2027,High
2286,4,286,Pilot,4,2025,Low
2287,8,286,Not Adopted,7,2026,High
2288,6,286,Not Adopted,6,2025,Medium
2289,11,287,Not Adopted,10,2024,Low
2290,4,287,Research,3,2026,Low
2291,8,287,Research,8,2028,High
2292,6,287,Research,9,2025,High
2293,3,287,Adopted,4,2027,High
2294,12,287,Pilot,3,2027,Medium
2295,5,287,Pilot,6,2025,Low
2296,10,287,Research,9,2028,High
2297,7,287,Not Adopted,10,2028,Low
2298,5,288,Research,9,2028,Low
2299,7,288,Research,10,2026,Medium
2300,12,288,Pilot,9,2027,High
2301,9,288,Adopted,8,2028,High
2302,6,288,Research,6,2024,Low
2303,8,288,Pilot,6,2025,Low
2304,2,288,Pilot,10,2028,Medium
2305,4,289,Research,10,2025,High
2306,11,289,Not Adopted,3,2026,Medium
2307,1,289,Pilot,5,2025,High
2308,3,289,Adopted,5,2025,High
2309,7,289,Pilot,3,2026,Medium
2310,2,289,Not Adopted,9,2026,High
2311,8,289,Pilot,8,2027,Medium
2312,6,289,Not Adopted,7,2025,Medium
2313,5,289,Adopted,9,2027,High
2314,10,289,Not Adopted,5,2027,Medium
2315,4,290,Research,5,2024,Medium
2316,12,290,Research,4,2025,High
2317,5,290,Adopted,9,2026,Medium
2318,1,290,Not Adopted,10,2025,High
2319,6,290,Research,5,2025,Low
2320,5,291,Research,9,2028,Medium
2321,10,291,Research,4,2028,High
2322,1,291,Adopted,7,2028,Medium
2323,4,291,Not Adopted,5,2026,Low
2324,7,291,Adopted,10,2028,Low
2325,11,291,Not Adopted,4,2027,Medium
2326,2,291,Pilot,7,2024,Low
2327,8,291,Research,8,2025,High
2328,9,291,Research,4,2026,Medium
2329,3,291,Pilot,7,2027,High
2330,6,291,Adopted,7,2026,Low
2331,12,291,Adopted,6,2028,Low
2332,4,292,Not Adopted,3,2024,Medium
2333,6,292,Adopted,4,2025,Medium
2334,2,292,Not Adopted,5,2025,High
2335,5,292,Not Adopted,7,2027,High
2336,10,292,Not Adopted,4,2025,Medium
2337,8,292,Adopted,3,2027,High
2338,7,292,Adopted,6,2027,High
2339,3,292,Not Adopted,4,2026,High
2340,4,293,Pilot,6,2025,Low
2341,8,293,Research,6,2026,High
2342,12,293,Pilot,5,2027,Low
2343,1,293,Adopted,5,2027,Low
2344,10,293,Not Adopted,5,2028,High
2345,11,293,Adopted,6,2027,High
2346,8,294,Not Adopted,3,2025,High
2347,11,294,Not Adopted,6,2028,High
2348,3,294,Research,8,2026,Low
2349,1,294,Research,3,2025,Low
2350,12,294,Pilot,8,2027,High
2351,10,294,Adopted,8,2028,Medium
2352,9,294,Adopted,10,2027,High
2353,4,294,Pilot,3,2028,High
2354,2,295,Adopted,10,2024,Medium
2355,11,295,Pilot,5,2025,High
2356,4,295,Pilot,8,2025,Low
2357,10,295,Research,7,2028,Medium
2358,5,295,Not Adopted,5,2028,Low
2359,8,295,Adopted,5,2024,Medium
2360,12,295,Pilot,6,2024,High
2361,7,295,Research,10,2027,Low
2362,6,295,Adopted,8,2026,High
2363,1,295,Pilot,7,2026,Medium
2364,3,295,Pilot,5,2026,Medium
2365,9,295,Research,3,2028,Low
2366,1,296,Pilot,8,2027,High
2367,9,296,Not Adopted,6,2028,Low
2368,7,296,Not Adopted,5,2024,High
2369,10,296,Adopted,7,2026,Low
2370,6,296,Pilot,10,2027,Low
2371,2,296,Adopted,8,2028,Low
2372,5,296,Research,5,2026,High
2373,12,296,Pilot,5,2024,High
2374,4,296,Research,4,2027,Medium
2375,3,296,Research,3,2027,Medium
2376,11,296,Pilot,8,2025,Low
2377,12,297,Not Adopted,9,2025,Low
2378,11,297,Pilot,5,2027,Low
2379,7,297,Not Adopted,7,2027,Medium
2380,6,297,Pilot,10,2025,Medium
2381,2,297,Research,10,2025,Low
2382,9,297,Research,3,2027,Medium
2383,5,297,Research,3,2028,High
2384,4,297,Research,6,2025,Low
2385,10,297,Adopted,5,2026,Medium
2386,1,297,Pilot,7,2024,Low
2387,8,297,Pilot,10,2027,Medium
2388,12,298,Pilot,6,2024,Low
2389,1,298,Not Adopted,9,2026,Medium
2390,6,298,Research,5,2028,Low
2391,10,298,Pilot,4,2024,Low
2392,2,298,Research,5,2028,High
2393,9,298,Pilot,8,2024,High
2394,1,299,Pilot,4,2025,Low
2395,8,299,Research,7,2027,Low
2396,2,299,Pilot,8,2025,High
2397,10,299,Not Adopted,5,2026,High
2398,9,299,Not Adopted,9,2024,Medium
2399,7,300,Not Adopted,7,2028,Low
2400,9,300,Pilot,9,2027,High
2401,8,300,Pilot,6,2026,High
2402,6,300,Research,10,2028,Medium
2403,4,300,Not Adopted,9,2027,High
2404,12,300,Research,10,2025,High
2405,3,300,Research,3,2024,Low
2406,11,301,Not Adopted,7,2024,Medium
2407,5,301,Not Adopted,10,2027,Medium
2408,10,301,Research,3,2026,Medium
2409,3,301,Not Adopted,4,2024,High
2410,1,301,Not Adopted,4,2026,Low
2411,9,301,Research,7,2027,Medium
2412,2,301,Adopted,6,2025,Medium
2413,4,302,Not Adopted,10,2025,High
2414,10,302,Adopted,7,2024,High
2415,5,302,Adopted,5,2028,High
2416,2,302,Not Adopted,10,2024,Low
2417,3,302,Pilot,10,2028,High
2418,8,302,Pilot,5,2027,Low
2419,6,302,Research,8,2025,High
2420,9,302,Research,4,2026,Low
2421,11,302,Not Adopted,5,2025,High
2422,6,303,Research,10,2028,High
2423,11,303,Adopted,6,2025,Low
2424,8,303,Adopted,7,2027,Low
2425,3,303,Pilot,3,2027,High
2426,10,303,Research,7,2024,Medium
2427,4,303,Not Adopted,7,2027,Medium
2428,7,303,Research,5,2027,Low
2429,1,303,Adopted,8,2024,Medium
2430,11,304,Not Adopted,8,2026,High
2431,9,304,Not Adopted,8,2025,Medium
2432,6,304,Research,10,2028,High
2433,12,304,Adopted,5,2024,Low
2434,10,304,Pilot,5,2028,Low
2435,7,304,Research,7,2026,Low
2436,8,304,Research,5,2028,High
2437,10,305,Adopted,10,2026,High
2438,12,305,Adopted,10,2026,Low
2439,9,305,Adopted,10,2026,Low
2440,1,305,Adopted,6,2024,High
2441,6,305,Adopted,9,2025,Low
2442,8,305,Not Adopted,4,2027,Medium
2443,4,305,Pilot,5,2028,Low
2444,3,305,Not Adopted,3,2025,High
2445,2,305,Research,4,2027,High
2446,11,305,Research,5,2027,High
2447,7,305,Research,7,2026,Medium
2448,5,305,Research,9,2028,Low
2449,3,306,Not Adopted,3,2026,Medium
2450,11,306,Not Adopted,5,2028,Medium
2451,7,306,Not Adopted,5,2025,High
2452,12,306,Pilot,5,2025,Low
2453,2,306,Not Adopted,5,2024,Low
2454,4,306,Adopted,6,2024,Medium
2455,8,307,Adopted,7,2026,Medium
2456,4,307,Adopted,3,2027,Medium
2457,3,307,Pilot,3,2024,Medium
2458,10,307,Not Adopted,3,2025,Low
2459,7,307,Not Adopted,5,2027,Medium
2460,6,307,Pilot,6,2028,Medium
2461,11,307,Not Adopted,4,2027,Medium
2462,1,308,Adopted,7,2026,Medium
2463,10,308,Pilot,10,2024,Medium
2464,11,308,Pilot,8,2024,Medium
2465,3,308,Pilot,3,2028,Low
2466,12,308,Not Adopted,7,2026,Medium
2467,8,308,Adopted,7,2027,Low
2468,4,309,Research,10,2027,High
2469,12,309,Pilot,9,2024,Medium
2470,1,309,Not Adopted,4,2026,Low
2471,3,309,Not Adopted,5,2026,Medium
2472,8,309,Not Adopted,4,2027,Low
2473,2,309,Pilot,5,2026,Low
2474,9,309,Not Adopted,7,2028,High
2475,10,309,Research,6,2027,Medium
2476,5,309,Adopted,4,2028,Medium
2477,7,309,Not Adopted,9,2028,Low
2478,11,309,Adopted,7,2028,Low
2479,7,310,Adopted,4,2025,Medium
2480,4,310,Adopted,7,2027,High
2481,8,310,Research,6,2024,Medium
2482,1,310,Research,8,2025,Medium
2483,3,310,Not Adopted,8,2025,High
2484,5,310,Research,6,2027,High
2485,7,311,Adopted,7,2027,Medium
2486,4,311,Pilot,9,2028,Low
2487,2,311,Not Adopted,7,2024,High
2488,12,311,Adopted,9,2024,Low
2489,5,312,Adopted,3,2026,Low
2490,7,312,Pilot,8,2025,High
2491,3,312,Pilot,5,2024,High
2492,11,312,Adopted,5,2028,Medium
2493,8,312,Pilot,6,2027,High
2494,6,312,Pilot,4,2024,Low
2495,12,312,Pilot,4,2028,Medium
2496,9,312,Pilot,7,2026,Medium
2497,10,312,Research,7,2025,High
2498,2,312,Adopted,7,2025,Medium
2499,1,312,Pilot,8,2027,High
2500,4,312,Not Adopted,7,2028,Low
2501,10,313,Pilot,5,2027,Medium
2502,8,313,Pilot,3,2028,Low
2503,3,313,Pilot,4,2025,Low
2504,6,313,Adopted,6,2026,Low
2505,5,314,Pilot,6,2028,Medium
2506,11,314,Adopted,4,2028,Medium
2507,8,314,Pilot,7,2027,Low
2508,1,314,Not Adopted,8,2024,High
2509,10,314,Adopted,9,2024,Medium
2510,4,314,Not Adopted,6,2028,Medium
2511,7,314,Adopted,10,2027,High
2512,12,314,Adopted,3,2025,High
2513,2,314,Not Adopted,7,2027,Low
2514,3,314,Research,8,2028,Low
2515,2,315,Adopted,5,2028,High
2516,12,315,Adopted,5,2025,Low
2517,6,315,Pilot,10,2026,Low
2518,3,315,Adopted,6,2028,Medium
2519,9,315,Research,6,2028,High
2520,8,315,Not Adopted,10,2024,Low
2521,1,315,Adopted,10,2028,Low
2522,5,315,Adopted,6,2024,Low
2523,10,315,Adopted,5,2028,Low
2524,4,315,Adopted,5,2027,Low
2525,9,316,Research,10,2025,High
2526,5,316,Not Adopted,10,2027,Medium
2527,3,316,Not Adopted,7,2026,High
2528,8,316,Not Adopted,7,2028,Medium
2529,4,316,Not Adopted,9,2027,High
2530,12,316,Not Adopted,8,2026,High
2531,2,316,Pilot,3,2024,Low
2532,9,317,Adopted,5,2024,High
2533,5,317,Adopted,8,2028,Low
2534,2,317,Adopted,9,2024,High
2535,3,317,Research,9,2027,Medium
2536,6,317,Pilot,10,2025,Medium
2537,9,318,Adopted,4,2025,Medium
2538,6,318,Not Adopted,7,2026,Medium
2539,12,318,Pilot,6,2024,High
2540,11,318,Pilot,4,2025,Medium
2541,5,318,Adopted,7,2028,Medium
2542,10,319,Pilot,3,2025,Low
2543,6,319,Pilot,9,2028,Low
2544,2,319,Adopted,6,2025,High
2545,11,319,Not Adopted,3,2025,Low
2546,4,319,Pilot,5,2025,Medium
2547,11,320,Research,6,2028,Low
2548,9,320,Not Adopted,9,2028,Low
2549,4,320,Not Adopted,6,2025,Low
2550,12,320,Pilot,6,2026,Low
2551,1,320,Pilot,4,2027,Low
2552,10,320,Pilot,3,2024,Medium
2553,3,320,Adopted,4,2026,High
2554,6,320,Research,9,2024,High
2555,7,320,Pilot,6,2024,Medium
2556,10,321,Research,10,2028,High
2557,4,321,Research,3,2025,High
2558,8,321,Not Adopted,10,2026,Medium
2559,2,321,Adopted,5,2024,Low
2560,6,321,Adopted,4,2025,High
2561,9,321,Not Adopted,9,2027,Low
2562,12,321,Research,7,2027,High
2563,1,321,Pilot,4,2026,Medium
2564,7,321,Not Adopted,4,2025,High
2565,11,321,Adopted,7,2024,High
2566,5,321,Research,10,2025,Low
2567,3,321,Research,10,2025,Medium
2568,12,322,Adopted,4,2026,Medium
2569,11,322,Research,6,2027,Low
2570,1,322,Pilot,4,2025,Low
2571,4,322,Pilot,3,2026,Low
2572,6,322,Pilot,10,2026,High
2573,5,322,Adopted,3,2024,Medium
2574,8,322,Not Adopted,6,2024,Low
2575,9,322,Adopted,6,2025,High
2576,8,323,Adopted,10,2025,High
2577,4,323,Research,5,2025,Medium
2578,3,323,Pilot,10,2027,High
2579,12,323,Pilot,5,2024,High
2580,10,323,Not Adopted,9,2027,Low
2581,6,323,Not Adopted,7,2025,Low
2582,9,323,Pilot,8,2025,Low
2583,7,324,Not Adopted,4,2024,Medium
2584,1,324,Not Adopted,10,2028,Medium
2585,3,324,Not Adopted,5,2024,Low
2586,10,324,Not Adopted,3,2024,Low
2587,11,324,Research,6,2028,Medium
2588,5,324,Not Adopted,5,2026,Medium
2589,4,324,Research,8,2027,High
2590,2,324,Research,3,2028,Medium
2591,9,324,Research,10,2026,High
2592,3,325,Research,4,2024,Medium
2593,9,325,Pilot,7,2026,High
2594,8,325,Not Adopted,7,2026,Medium
2595,6,325,Adopted,10,2028,Low
2596,7,325,Adopted,5,2024,Low
2597,5,325,Not Adopted,8,2027,Medium
2598,2,325,Adopted,6,2025,Low
2599,10,325,Research,6,2024,Low
2600,12,325,Pilot,5,2028,Medium
2601,11,325,Adopted,5,2027,Low
2602,4,325,Not Adopted,9,2026,Low
2603,8,326,Research,4,2028,Low
2604,5,326,Research,6,2026,High
2605,7,326,Pilot,8,2025,Medium
2606,2,326,Not Adopted,9,2028,Medium
2607,9,326,Research,8,2026,High
2608,12,326,Pilot,6,2026,High
2609,3,326,Pilot,10,2028,High
2610,4,326,Research,9,2025,Low
2611,1,326,Not Adopted,4,2028,Medium
2612,10,326,Adopted,7,2028,Low
2613,11,326,Research,4,2027,Medium
2614,9,327,Research,8,2028,Low
2615,12,327,Adopted,3,2025,Low
2616,4,327,Research,5,2027,Medium
2617,8,327,Research,8,2028,Medium
2618,11,327,Pilot,9,2027,Low
2619,5,327,Research,10,2028,High
2620,6,327,Adopted,10,2024,High
2621,3,327,Adopted,9,2027,High
2622,10,328,Adopted,6,2026,Low
2623,6,328,Not Adopted,7,2024,Medium
2624,5,328,Adopted,3,2028,High
2625,1,328,Not Adopted,6,2025,Medium
2626,8,328,Adopted,10,2024,Medium
2627,7,328,Not Adopted,5,2025,Medium
2628,3,328,Research,7,2024,Medium
2629,2,328,Pilot,3,2028,Medium
2630,9,329,Not Adopted,3,2025,Medium
2631,10,329,Adopted,3,2025,Medium
2632,2,329,Pilot,7,2025,Medium
2633,5,329,Adopted,3,2024,Low
2634,3,329,Pilot,7,2025,High
2635,8,329,Research,6,2028,Medium
2636,4,329,Adopted,5,2024,Low
2637,12,329,Not Adopted,10,2025,Low
2638,10,330,Pilot,4,2026,High
2639,2,330,Adopted,4,2026,High
2640,8,330,Pilot,6,2025,Medium
2641,5,330,Adopted,6,2025,Low
2642,4,330,Research,8,2027,Low
2643,9,330,Pilot,4,2027,Low
2644,1,331,Not Adopted,4,2027,High
2645,12,331,Adopted,4,2024,Medium
2646,3,331,Not Adopted,10,2024,Low
2647,7,331,Research,8,2024,Medium
2648,4,332,Adopted,9,2026,High
2649,5,332,Research,10,2027,High
2650,11,332,Research,9,2028,Medium
2651,9,332,Not Adopted,8,2027,High
2652,12,332,Not Adopted,3,2025,Low
2653,1,332,Adopted,8,2026,High
2654,3,333,Pilot,4,2027,Medium
2655,7,333,Adopted,6,2028,Medium
2656,8,333,Not Adopted,9,2027,Medium
2657,4,333,Not Adopted,9,2027,High
2658,1,333,Pilot,4,2025,Medium
2659,5,333,Not Adopted,6,2028,Medium
2660,12,333,Adopted,8,2025,Low
2661,11,333,Research,8,2024,Medium
2662,9,333,Not Adopted,9,2028,High
2663,2,333,Pilot,5,2026,Low
2664,8,334,Not Adopted,7,2024,High
2665,10,334,Research,10,2025,High
2666,5,334,Pilot,6,2027,High
2667,7,334,Research,7,2024,Medium
2668,4,334,Pilot,7,2025,High
2669,4,335,Adopted,9,2028,High
2670,6,335,Pilot,10,2028,Medium
2671,12,335,Pilot,10,2024,Low
2672,1,335,Research,9,2024,Low
2673,11,335,Pilot,3,2025,Medium
2674,7,335,Not Adopted,10,2025,High
2675,5,335,Pilot,5,2025,Low
2676,10,335,Research,5,2027,Medium
2677,3,335,Pilot,10,2028,Low
2678,8,335,Adopted,3,2025,Low
2679,9,335,Adopted,9,2025,High
2680,2,335,Adopted,3,2027,High
2681,10,336,Adopted,4,2027,Medium
2682,7,336,Adopted,9,2026,Medium
2683,5,336,Not Adopted,7,2024,High
2684,6,336,Pilot,8,2024,High
2685,2,336,Pilot,4,2027,Low
2686,11,337,Pilot,4,2026,Medium
2687,1,337,Not Adopted,9,2026,Low
2688,2,337,Research,3,2027,High
2689,6,337,Adopted,4,2024,Low
2690,8,337,Adopted,5,2027,High
2691,4,337,Not Adopted,10,2025,Low
2692,10,337,Adopted,10,2024,Low
2693,12,337,Not Adopted,10,2028,Medium
2694,3,337,Research,5,2026,Low
2695,11,338,Adopted,10,2027,Low
2696,3,338,Adopted,8,2026,High
2697,6,338,Pilot,5,2027,High
2698,4,338,Research,6,2027,Medium
2699,9,338,Pilot,9,2027,Low
2700,12,338,Research,6,2027,High
2701,8,338,Research,3,2028,Low
2702,5,338,Adopted,6,2027,High
2703,2,338,Adopted,9,2025,Medium
2704,1,338,Research,4,2024,High
2705,7,338,Not Adopted,9,2028,Medium
2706,10,338,Pilot,3,2025,Medium
2707,11,339,Pilot,7,2024,Low
2708,12,339,Not Adopted,7,2025,High
2709,5,339,Not Adopted,8,2025,High
2710,8,339,Research,3,2025,High
2711,4,339,Not Adopted,9,2024,Low
2712,9,339,Not Adopted,8,2026,Low
2713,6,339,Adopted,8,2025,Medium
2714,12,340,Pilot,3,2028,Medium
2715,8,340,Pilot,5,2025,High
2716,2,340,Not Adopted,7,2027,Medium
2717,1,340,Not Adopted,8,2028,Medium
2718,4,340,Research,9,2028,High
2719,9,340,Adopted,9,2025,High
2720,10,340,Adopted,7,2028,High
2721,11,340,Not Adopted,6,2026,Medium
2722,7,340,Not Adopted,5,2028,Medium
2723,5,340,Pilot,10,2028,High
2724,2,341,Not Adopted,5,2027,Medium
2725,4,341,Pilot,10,2025,Low
2726,5,341,Not Adopted,6,2028,High
2727,8,341,Research,4,2027,Low
2728,7,341,Not Adopted,7,2024,High
2729,12,341,Not Adopted,3,2028,Medium
2730,10,341,Research,10,2025,Low
2731,3,341,Not Adopted,5,2027,Medium
2732,11,342,Pilot,6,2026,Medium
2733,3,342,Research,9,2028,Low
2734,5,342,Pilot,3,2026,Medium
2735,12,342,Research,5,2025,Low
2736,2,342,Pilot,8,2024,Medium
2737,3,343,Adopted,7,2024,Low
2738,8,343,Not Adopted,3,2028,High
2739,4,343,Research,6,2027,Medium
2740,12,343,Not Adopted,9,2024,Medium
2741,2,343,Not Adopted,5,2025,High
2742,7,343,Adopted,7,2028,Low
2743,9,343,Pilot,3,2027,Medium
2744,5,343,Pilot,9,2024,Medium
2745,6,343,Research,5,2027,Medium
2746,6,344,Not Adopted,4,2028,Medium
2747,3,344,Pilot,5,2024,Medium
2748,7,344,Not Adopted,3,2028,Low
2749,12,344,Pilot,4,2027,High
2750,4,344,Adopted,8,2027,Low
2751,11,344,Not Adopted,9,2028,Medium
2752,9,344,Pilot,9,2028,Low
2753,10,344,Research,6,2024,Low
2754,8,344,Pilot,6,2025,Medium
2755,2,344,Research,7,2024,High
2756,1,344,Not Adopted,9,2026,High
2757,3,345,Pilot,5,2024,High
2758,11,345,Not Adopted,10,2025,Low
2759,9,345,Pilot,7,2028,High
2760,6,345,Not Adopted,3,2024,High
2761,1,345,Adopted,4,2028,High
2762,4,345,Adopted,5,2027,Low
2763,12,345,Adopted,7,2025,High
2764,10,345,Adopted,6,2024,Medium
2765,10,346,Pilot,6,2026,Medium
2766,5,346,Adopted,6,2027,Low
2767,7,346,Not Adopted,4,2026,Medium
2768,1,346,Research,7,2027,Low
2769,3,346,Pilot,5,2025,Low
2770,9,346,Not Adopted,7,2024,High
2771,2,346,Adopted,8,2028,Medium
2772,4,346,Not Adopted,6,2025,Medium
2773,8,346,Research,10,2026,High
2774,12,346,Research,7,2027,High
2775,6,346,Adopted,7,2024,High
2776,4,347,Research,9,2024,Medium
2777,9,347,Pilot,6,2024,Medium
2778,11,347,Adopted,4,2024,Low
2779,10,347,Pilot,5,2025,High
2780,1,347,Not Adopted,4,2026,High
2781,8,347,Not Adopted,7,2026,Low
2782,5,347,Not Adopted,5,2024,High
2783,3,347,Adopted,7,2027,Low
2784,7,347,Not Adopted,4,2024,High
2785,6,347,Adopted,7,2027,High
2786,12,347,Adopted,6,2026,Medium
2787,4,348,Pilot,8,2025,Medium
2788,9,348,Research,7,2025,Medium
2789,7,348,Not Adopted,9,2024,High
2790,10,348,Research,3,2025,High
2791,3,348,Adopted,5,2026,High
2792,1,348,Research,8,2024,High
2793,2,348,Not Adopted,7,2026,Medium
2794,2,349,Not Adopted,6,2024,Low
2795,12,349,Research,8,2027,Medium
2796,10,349,Pilot,3,2025,Low
2797,5,349,Research,7,2026,Medium
2798,5,350,Pilot,10,2026,Medium
2799,2,350,Not Adopted,3,2024,High
2800,8,350,Pilot,4,2025,Low
2801,4,350,Not Adopted,6,2026,Low
2802,10,350,Adopted,4,2027,Low
2803,9,351,Research,3,2027,Medium
2804,4,351,Pilot,7,2026,High
2805,7,351,Adopted,3,2025,Low
2806,6,351,Not Adopted,7,2024,Low
2807,5,351,Research,6,2026,Low
2808,8,351,Adopted,8,2025,Low
2809,3,351,Not Adopted,6,2027,High
2810,1,351,Pilot,3,2027,Low
2811,10,351,Adopted,4,2025,Low
2812,9,352,Research,3,2028,High
2813,7,352,Adopted,9,2026,Low
2814,11,352,Adopted,10,2026,Medium
2815,6,352,Adopted,9,2027,Low
2816,1,352,Adopted,9,2024,High
2817,2,352,Adopted,3,2025,Low
2818,8,352,Adopted,7,2025,Medium
2819,11,353,Adopted,4,2024,High
2820,3,353,Not Adopted,4,2028,Low
2821,9,353,Pilot,10,2024,High
2822,12,353,Not Adopted,3,2028,Low
2823,10,353,Adopted,9,2025,High
2824,1,354,Not Adopted,3,2026,Medium
2825,3,354,Pilot,3,2028,High
2826,10,354,Research,10,2028,High
2827,6,354,Adopted,4,2027,Low
2828,8,354,Pilot,6,2026,Medium
2829,4,354,Pilot,10,2027,Low
2830,2,355,Adopted,7,2025,Medium
2831,4,355,Pilot,9,2026,Low
2832,11,355,Research,6,2026,Medium
2833,1,355,Research,6,2025,Medium
2834,5,355,Not Adopted,8,2027,Medium
2835,3,355,Research,3,2025,Medium
2836,10,355,Research,3,2026,Medium
2837,8,355,Research,8,2024,Medium
2838,12,355,Research,6,2026,High
2839,5,356,Pilot,5,2025,Low
2840,8,356,Pilot,8,2025,High
2841,10,356,Research,6,2026,High
2842,12,356,Pilot,5,2026,Low
2843,8,357,Research,9,2025,High
2844,4,357,Adopted,10,2025,Low
2845,11,357,Not Adopted,5,2025,Low
2846,12,357,Not Adopted,6,2028,Medium
2847,6,357,Pilot,4,2025,High
2848,1,357,Research,7,2027,High
2849,1,358,Not Adopted,10,2025,Medium
2850,10,358,Research,6,2025,Low
2851,7,358,Adopted,4,2028,Low
2852,6,358,Not Adopted,5,2027,Medium
2853,12,358,Research,3,2028,Low
2854,3,358,Research,7,2026,Low
2855,5,358,Adopted,6,2025,High
2856,9,358,Research,9,2028,Low
2857,8,358,Not Adopted,9,2024,High
2858,11,358,Research,6,2028,Medium
2859,4,358,Not Adopted,3,2024,Medium
2860,12,359,Not Adopted,3,2024,Low
2861,2,359,Pilot,8,2027,Low
2862,7,359,Research,8,2028,High
2863,11,359,Research,6,2028,High
2864,1,360,Adopted,3,2028,High
2865,8,360,Adopted,4,2028,Medium
2866,9,360,Research,3,2024,High
2867,3,360,Not Adopted,10,2024,Medium
2868,4,360,Not Adopted,4,2026,High
2869,5,360,Pilot,6,2025,High
2870,7,361,Adopted,3,2028,Medium
2871,10,361,Not Adopted,7,2025,Medium
2872,2,361,Not Adopted,8,2028,Medium
2873,4,361,Adopted,6,2028,Low
2874,1,361,Not Adopted,7,2025,Low
2875,8,361,Research,10,2028,Low
2876,9,361,Adopted,8,2028,Medium
2877,5,361,Adopted,7,2027,High
2878,3,362,Not Adopted,9,2027,High
2879,8,362,Adopted,4,2026,Medium
2880,12,362,Adopted,3,2026,Medium
2881,1,362,Not Adopted,6,2024,High
2882,6,362,Not Adopted,3,2026,Low
2883,9,362,Adopted,10,2028,Medium
2884,2,362,Adopted,9,2027,High
2885,6,363,Research,3,2027,Medium
2886,10,363,Research,3,2025,High
2887,7,363,Not Adopted,9,2026,Medium
2888,3,363,Research,6,2025,Medium
2889,4,363,Adopted,7,2025,Low
2890,9,363,Research,10,2025,Medium
2891,1,363,Research,6,2027,High
2892,8,363,Adopted,4,2027,High
2893,12,363,Adopted,7,2024,Medium
2894,5,363,Not Adopted,10,2026,Medium
2895,7,364,Research,6,2027,High
2896,8,364,Pilot,5,2024,High
2897,2,364,Adopted,3,2025,High
2898,3,364,Research,4,2028,Medium
2899,5,365,Research,8,2028,Medium
2900,8,365,Adopted,10,2026,Medium
2901,10,365,Not Adopted,10,2024,Medium
2902,6,365,Pilot,8,2025,Medium
2903,5,366,Adopted,8,2025,Low
2904,1,366,Adopted,4,2025,High
2905,8,366,Pilot,7,2026,Low
2906,7,366,Research,3,2025,Low
2907,10,366,Not Adopted,9,2024,Medium
2908,12,366,Research,8,2024,Medium
2909,9,366,Research,7,2024,Medium
2910,6,367,Adopted,8,2026,Medium
2911,12,367,Research,3,2028,High
2912,5,367,Research,4,2027,Low
2913,1,367,Adopted,10,2026,High
2914,4,368,Pilot,8,2027,Medium
2915,8,368,Not Adopted,4,2026,Low
2916,2,368,Research,3,2024,Medium
2917,9,368,Pilot,10,2024,Low
2918,10,368,Research,5,2026,High
2919,3,368,Adopted,7,2027,Medium
2920,6,368,Research,5,2026,Low
2921,5,368,Pilot,6,2024,Low
2922,11,368,Not Adopted,6,2027,Medium
2923,7,368,Adopted,5,2027,Medium
2924,12,368,Research,8,2026,Medium
2925,1,368,Not Adopted,7,2028,Low
2926,10,369,Not Adopted,5,2026,High
2927,1,369,Pilot,8,2026,Low
2928,11,369,Not Adopted,9,2025,Medium
2929,6,369,Pilot,3,2028,Low
2930,8,369,Research,9,2027,Low
2931,7,370,Pilot,4,2027,Medium
2932,11,370,Adopted,6,2028,High
2933,12,370,Adopted,8,2026,High
2934,9,370,Pilot,7,2026,High
2935,1,370,Research,7,2027,Low
2936,4,370,Adopted,7,2025,Low
2937,8,370,Research,7,2026,Medium
2938,2,370,Adopted,5,2027,Medium
2939,3,370,Adopted,6,2024,Low
2940,10,370,Adopted,9,2025,Low
2941,8,371,Pilot,8,2024,Low
2942,6,371,Not Adopted,8,2026,Low
2943,2,371,Adopted,3,2026,Low
2944,1,371,Pilot,4,2026,Medium
2945,7,371,Not Adopted,8,2027,High
2946,12,371,Pilot,7,2028,Low
2947,11,371,Research,9,2026,Low
2948,9,371,Adopted,10,2024,Low
2949,2,372,Not Adopted,4,2024,Low
2950,12,372,Pilot,4,2028,Medium
2951,8,372,Adopted,5,2026,Low
2952,10,372,Adopted,10,2028,Medium
2953,9,372,Not Adopted,8,2024,High
2954,11,372,Not Adopted,6,2026,High
2955,1,372,Pilot,8,2025,High
2956,6,373,Not Adopted,10,2028,Medium
2957,11,373,Adopted,8,2024,High
2958,5,373,Pilot,4,2025,Low
2959,12,373,Not Adopted,10,2027,Low
2960,7,373,Adopted,4,2025,Medium
2961,10,373,Adopted,10,2026,High
2962,5,374,Adopted,3,2024,Low
2963,12,374,Pilot,9,2024,Medium
2964,1,374,Pilot,10,2024,High
2965,10,374,Pilot,4,2026,Low
2966,3,374,Pilot,5,2024,Low
2967,4,374,Adopted,5,2025,Low
2968,6,375,Not Adopted,8,2027,High
2969,2,375,Research,7,2026,High
2970,12,375,Pilot,9,2028,Low
2971,9,375,Adopted,10,2028,High
2972,10,376,Not Adopted,6,2025,Low
2973,3,376,Not Adopted,4,2027,High
2974,5,376,Not Adopted,7,2026,Low
2975,11,376,Pilot,3,2028,Medium
2976,9,376,Pilot,3,2024,Medium
2977,6,376,Not Adopted,6,2027,Medium
2978,10,377,Adopted,4,2025,High
2979,2,377,Not Adopted,4,2026,Low
2980,6,377,Research,8,2025,Medium
2981,8,377,Not Adopted,4,2024,Medium
2982,9,377,Pilot,8,2024,High
2983,12,377,Research,10,2027,Medium
2984,11,377,Not Adopted,8,2028,High
2985,1,377,Research,9,2028,Medium
2986,5,377,Pilot,4,2025,Medium
2987,7,378,Research,7,2026,High
2988,8,378,Adopted,3,2026,Low
2989,5,378,Not Adopted,9,2024,High
2990,4,378,Research,8,2027,High
2991,12,378,Research,3,2024,High
2992,9,378,Research,8,2028,Low
2993,11,378,Research,5,2026,Low
2994,1,378,Not Adopted,5,2025,Medium
2995,6,378,Not Adopted,4,2024,Medium
2996,2,378,Not Adopted,3,2024,Medium
2997,10,378,Research,8,2024,High
2998,3,379,Pilot,3,2025,High
2999,4,379,Research,5,2025,High
3000,7,379,Pilot,6,2024,Medium
3001,1,379,Adopted,8,2027,Low
3002,12,379,Pilot,3,2024,Low
3003,9,380,Pilot,7,2024,Medium
3004,2,380,Adopted,9,2025,High
3005,8,380,Research,3,2026,High
3006,7,380,Pilot,4,2026,High
3007,4,380,Research,10,2024,Medium
3008,10,380,Pilot,3,2027,Low
3009,5,380,Pilot,3,2026,Low
3010,1,380,Adopted,4,2024,High
3011,3,380,Research,6,2028,Medium
3012,11,380,Research,5,2025,High
3013,12,380,Not Adopted,3,2028,High
3014,5,381,Pilot,9,2027,Medium
3015,3,381,Research,3,2027,Low
3016,8,381,Not Adopted,8,2027,Low
3017,10,381,Research,9,2027,Low
3018,6,381,Not Adopted,4,2027,High
3019,8,382,Research,10,2028,High
3020,10,382,Not Adopted,7,2027,Low
3021,9,382,Not Adopted,6,2025,Medium
3022,6,382,Not Adopted,3,2026,Low
3023,3,382,Not Adopted,7,2024,Medium
3024,2,382,Research,7,2028,High
3025,5,382,Adopted,7,2028,High
3026,11,382,Adopted,4,2028,Low
3027,12,382,Research,10,2025,Medium
3028,3,383,Research,5,2024,High
3029,10,383,Pilot,7,2025,Medium
3030,4,383,Not Adopted,3,2024,Low
3031,8,383,Research,7,2026,High
3032,7,383,Not Adopted,10,2028,Medium
3033,9,383,Research,9,2025,Medium
3034,5,383,Research,7,2024,Medium
3035,2,384,Adopted,9,2028,Low
3036,8,384,Not Adopted,8,2027,Medium
3037,6,384,Research,8,2026,Medium
3038,4,384,Adopted,5,2027,Medium
3039,5,384,Not Adopted,5,2025,Medium
3040,3,384,Adopted,5,2028,Low
3041,12,384,Not Adopted,4,2028,Medium
3042,4,385,Pilot,3,2024,High
3043,9,385,Pilot,10,2027,Low
3044,7,385,Pilot,10,2028,High
3045,1,385,Not Adopted,4,2024,Medium
3046,2,385,Research,4,2028,Low
3047,10,385,Pilot,9,2028,Medium
3048,4,386,Not Adopted,4,2025,Medium
3049,7,386,Pilot,6,2025,High
3050,8,386,Not Adopted,8,2028,Medium
3051,5,386,Research,10,2026,Medium
3052,12,386,Adopted,8,2027,Medium
3053,10,386,Not Adopted,6,2026,Low
3054,1,386,Adopted,5,2027,Low
3055,9,386,Not Adopted,10,2024,Medium
3056,6,387,Pilot,8,2025,Low
3057,9,387,Not Adopted,9,2028,Medium
3058,3,387,Research,4,2025,Medium
3059,5,387,Adopted,4,2024,Low
3060,8,387,Pilot,6,2024,High
3061,11,387,Not Adopted,3,2028,High
3062,7,387,Pilot,4,2026,Low
3063,10,388,Research,7,2027,Low
3064,12,388,Not Adopted,8,2024,Low
3065,2,388,Not Adopted,6,2024,Medium
3066,8,388,Not Adopted,7,2025,Medium
3067,3,388,Adopted,4,2026,High
3068,7,388,Pilot,7,2024,Medium
3069,4,388,Not Adopted,5,2028,Low
3070,1,388,Not Adopted,7,2025,High
3071,5,388,Pilot,8,2027,Medium
3072,6,388,Not Adopted,6,2025,Medium
3073,11,388,Not Adopted,10,2027,Low
3074,1,389,Pilot,5,2025,Low
3075,2,389,Research,10,2026,Medium
3076,5,389,Research,4,2026,Low
3077,6,389,Research,5,2024,Low
3078,4,389,Adopted,7,2028,Medium
3079,6,390,Adopted,5,2028,Medium
3080,10,390,Not Adopted,8,2027,Low
3081,9,390,Adopted,7,2028,Medium
3082,12,390,Adopted,10,2025,High
3083,2,390,Research,10,2024,High
3084,11,390,Adopted,4,2028,Medium
3085,3,390,Not Adopted,3,2025,Medium
3086,4,390,Pilot,9,2028,Low
3087,5,390,Research,8,2026,Low
3088,8,390,Adopted,7,2027,Low
3089,7,390,Pilot,9,2027,Low
3090,7,391,Not Adopted,7,2024,High
3091,9,391,Research,3,2025,Low
3092,3,391,Research,4,2025,Low
3093,10,391,Adopted,8,2025,High
3094,12,391,Research,6,2028,High
3095,11,391,Research,8,2024,High
3096,2,391,Pilot,6,2024,High
3097,3,392,Research,8,2025,Medium
3098,2,392,Not Adopted,6,2025,Low
3099,7,392,Research,6,2027,High
3100,8,392,Not Adopted,4,2026,Low
3101,12,393,Pilot,3,2024,Medium
3102,10,393,Adopted,10,2024,High
3103,6,393,Pilot,3,2025,Medium
3104,8,393,Research,10,2026,Low
3105,11,393,Not Adopted,10,2024,Low
3106,5,393,Research,10,2027,Low
3107,7,393,Adopted,8,2024,Low
3108,3,393,Research,6,2024,Low
3109,2,393,Research,7,2028,Low
3110,1,393,Not Adopted,5,2026,Low
3111,9,393,Not Adopted,8,2028,Low
3112,5,394,Adopted,10,2026,High
3113,3,394,Pilot,10,2027,Medium
3114,2,394,Research,8,2024,High
3115,6,394,Research,7,2024,Medium
3116,7,394,Research,7,2027,High
3117,10,395,Adopted,5,2024,Low
3118,5,395,Adopted,10,2025,High
3119,8,395,Pilot,3,2028,Medium
3120,12,395,Pilot,6,2025,Low
3121,6,395,Research,7,2026,Medium
3122,11,395,Adopted,5,2025,Medium
3123,12,396,Adopted,5,2027,Low
3124,5,396,Research,5,2024,Low
3125,3,396,Pilot,3,2026,Low
3126,6,396,Not Adopted,7,2024,High
3127,4,396,Not Adopted,3,2028,Medium
3128,11,396,Not Adopted,8,2028,Medium
3129,2,396,Pilot,3,2026,High
3130,8,397,Not Adopted,9,2024,Low
3131,9,397,Research,4,2026,Low
3132,12,397,Research,7,2025,Medium
3133,1,397,Research,8,2026,Medium
3134,3,397,Pilot,3,2024,Low
3135,2,397,Research,3,2025,Medium
3136,5,397,Pilot,3,2025,Low
3137,6,397,Pilot,5,2025,Low
3138,7,398,Adopted,6,2026,High
3139,10,398,Not Adopted,5,2025,Medium
3140,3,398,Research,3,2028,Medium
3141,6,398,Not Adopted,5,2026,High
3142,8,398,Research,4,2025,Medium
3143,1,398,Pilot,5,2026,High
3144,11,398,Pilot,10,2027,High
3145,12,398,Not Adopted,5,2025,Low
3146,2,398,Pilot,9,2024,High
3147,9,398,Not Adopted,3,2024,Low
3148,6,399,Adopted,7,2028,High
3149,10,399,Not Adopted,7,2024,Low
3150,3,399,Pilot,5,2026,Medium
3151,12,399,Not Adopted,9,2028,Medium
3152,2,399,Pilot,7,2024,Medium
3153,4,399,Research,5,2026,Medium
3154,11,399,Adopted,5,2027,Medium
3155,1,399,Research,3,2027,Medium
3156,7,400,Pilot,7,2024,Medium
3157,10,400,Pilot,8,2027,Medium
3158,6,400,Pilot,5,2025,Medium
3159,4,400,Research,4,2025,Medium
3160,1,400,Not Adopted,9,2027,High
3161,5,400,Research,3,2027,Medium
3162,3,400,Not Adopted,6,2028,High
3163,6,401,Adopted,9,2028,Low
3164,12,401,Research,9,2024,High
3165,11,401,Not Adopted,6,2024,Medium
3166,3,401,Research,10,2024,Medium
3167,7,401,Pilot,7,2027,Low
3168,9,401,Research,9,2028,High
3169,4,401,Pilot,9,2026,Medium
3170,1,401,Pilot,6,2026,Low
3171,5,401,Not Adopted,4,2024,High
3172,9,402,Pilot,7,2024,Low
3173,1,402,Adopted,3,2028,Low
3174,4,402,Pilot,4,2027,Medium
3175,12,402,Pilot,5,2024,Medium
3176,6,403,Research,3,2025,Low
3177,11,403,Not Adopted,8,2026,High
3178,10,403,Adopted,10,2025,High
3179,12,403,Research,10,2024,Low
3180,8,403,Pilot,6,2028,Medium
3181,7,403,Not Adopted,7,2027,Medium
3182,2,403,Adopted,4,2026,Medium
3183,1,403,Adopted,6,2025,Medium
3184,4,403,Not Adopted,6,2025,Medium
3185,3,403,Pilot,7,2024,High
3186,9,403,Not Adopted,5,2027,High
3187,5,403,Pilot,3,2026,Low
3188,1,404,Adopted,6,2025,Medium
3189,8,404,Research,8,2024,Low
3190,12,404,Pilot,3,2025,High
3191,10,404,Adopted,3,2028,Low
3192,2,405,Adopted,4,2024,High
3193,12,405,Research,5,2027,Medium
3194,10,405,Research,8,2025,Medium
3195,9,405,Research,7,2027,Medium
3196,11,405,Pilot,4,2025,High
3197,6,405,Not Adopted,9,2027,Medium
3198,8,405,Research,8,2025,Medium
3199,4,405,Not Adopted,5,2028,Medium
3200,5,405,Pilot,4,2026,High
3201,3,405,Pilot,8,2028,Medium
3202,1,405,Research,3,2028,Low
3203,10,406,Pilot,3,2026,Medium
3204,5,406,Pilot,10,2025,Medium
3205,6,406,Not Adopted,7,2027,Low
3206,7,406,Research,3,2026,Low
3207,11,406,Pilot,8,2027,High
3208,1,406,Pilot,6,2025,High
3209,3,406,Research,4,2028,High
3210,5,407,Pilot,6,2028,Medium
3211,3,407,Pilot,10,2024,High
3212,10,407,Adopted,4,2024,Medium
3213,1,407,Research,5,2028,Low
3214,12,407,Not Adopted,7,2028,Medium
3215,8,407,Not Adopted,5,2027,High
3216,4,407,Pilot,7,2024,Low
3217,6,407,Pilot,5,2026,Medium
3218,2,407,Adopted,10,2028,High
3219,9,407,Not Adopted,3,2025,High
3220,7,408,Pilot,4,2028,High
3221,2,408,Research,3,2024,Medium
3222,11,408,Research,5,2026,High
3223,6,408,Adopted,7,2028,High
3224,8,408,Not Adopted,10,2028,Medium
3225,12,408,Research,6,2027,High
3226,9,408,Pilot,3,2027,Medium
3227,10,408,Research,3,2026,Low
3228,1,408,Pilot,9,2028,Medium
3229,3,408,Research,10,2026,Low
3230,5,408,Pilot,3,2024,Medium
3231,4,408,Not Adopted,10,2024,Low
3232,4,409,Research,9,2028,Low
3233,12,409,Adopted,5,2027,High
3234,6,409,Research,5,2027,High
3235,1,409,Not Adopted,6,2028,Medium
3236,5,409,Not Adopted,5,2027,Medium
3237,2,409,Not Adopted,9,2027,Low
3238,11,409,Adopted,8,2028,Low
3239,10,409,Pilot,7,2026,Low
3240,9,409,Adopted,5,2025,High
3241,8,409,Adopted,5,2025,Medium
3242,7,409,Adopted,5,2027,Low
3243,4,410,Pilot,3,2028,High
3244,1,410,Research,5,2027,Low
3245,5,410,Not Adopted,5,2027,Low
3246,12,410,Not Adopted,10,2028,Medium
3247,10,410,Adopted,3,2025,Low
3248,11,410,Adopted,5,2026,High
3249,8,410,Adopted,5,2027,Medium
3250,3,410,Pilot,7,2027,Medium
3251,6,410,Adopted,3,2025,Medium
3252,5,411,Pilot,7,2025,Low
3253,4,411,Not Adopted,9,2025,High
3254,6,411,Not Adopted,6,2026,High
3255,7,411,Pilot,3,2025,High
3256,2,411,Adopted,6,2026,High
3257,3,411,Not Adopted,7,2026,Medium
3258,8,411,Adopted,10,2024,Medium
3259,9,411,Adopted,8,2028,Low
3260,10,411,Adopted,5,2027,High
3261,11,411,Pilot,3,2026,Low
3262,1,411,Adopted,8,2024,Low
3263,12,411,Not Adopted,6,2024,Medium
3264,3,412,Research,7,2027,Low
3265,6,412,Not Adopted,8,2025,High
3266,12,412,Adopted,10,2027,Medium
3267,7,412,Not Adopted,5,2027,Medium
3268,10,412,Pilot,4,2025,High
3269,8,412,Not Adopted,4,2026,High
3270,11,412,Pilot,4,2026,Low
3271,2,412,Not Adopted,8,2027,Low
3272,4,412,Not Adopted,4,2027,Low
3273,5,412,Not Adopted,9,2027,Low
3274,1,412,Adopted,9,2028,High
3275,9,412,Pilot,8,2025,High
3276,4,413,Not Adopted,4,2024,High
3277,11,413,Not Adopted,10,2025,High
3278,6,413,Not Adopted,4,2027,Medium
3279,2,413,Not Adopted,3,2024,Low
3280,1,413,Research,3,2028,Low
3281,12,413,Research,5,2024,Medium
3282,10,413,Pilot,8,2025,High
3283,9,413,Research,7,2024,Low
3284,3,413,Not Adopted,5,2028,High
3285,7,413,Pilot,5,2024,Medium
3286,5,413,Not Adopted,9,2024,Medium
3287,8,413,Pilot,6,2028,High
3288,5,414,Pilot,5,2027,High
3289,10,414,Adopted,10,2026,Low
3290,11,414,Not Adopted,8,2028,Medium
3291,6,414,Adopted,6,2028,Medium
3292,1,415,Pilot,3,2026,Low
3293,4,415,Not Adopted,7,2028,High
3294,11,415,Pilot,3,2024,Low
3295,3,415,Pilot,3,2028,Medium
3296,12,415,Adopted,9,2024,High
3297,9,415,Adopted,6,2026,Medium
3298,7,415,Not Adopted,9,2026,Medium
3299,5,415,Adopted,9,2026,High
3300,6,415,Research,7,2026,High
3301,2,416,Not Adopted,9,2026,Medium
3302,4,416,Not Adopted,6,2027,High
3303,8,416,Research,3,2027,Low
3304,3,416,Research,6,2027,Medium
3305,11,416,Adopted,6,2028,High
3306,5,416,Adopted,10,2025,Low
3307,9,416,Research,8,2026,Medium
3308,6,416,Not Adopted,8,2024,Medium
3309,10,416,Pilot,5,2024,High
3310,7,416,Adopted,8,2025,High
3311,1,416,Not Adopted,9,2024,Medium
3312,3,417,Research,10,2025,Low
3313,4,417,Pilot,9,2027,Medium
3314,10,417,Pilot,10,2024,Medium
3315,2,417,Not Adopted,8,2026,Medium
3316,8,418,Research,8,2026,Medium
3317,1,418,Research,9,2025,High
3318,11,418,Adopted,10,2028,Low
3319,4,418,Research,4,2027,Low
3320,7,418,Pilot,10,2028,High
3321,12,418,Pilot,8,2028,Medium
3322,5,418,Research,4,2024,Low
3323,6,418,Adopted,4,2025,Low
3324,3,418,Adopted,9,2025,Medium
3325,2,418,Research,10,2025,Low
3326,10,418,Adopted,5,2028,Medium
3327,1,419,Not Adopted,9,2028,Medium
3328,3,419,Not Adopted,4,2025,High
3329,4,419,Pilot,9,2027,Medium
3330,10,419,Not Adopted,8,2024,Medium
3331,2,419,Pilot,3,2024,Low
3332,6,419,Adopted,7,2024,Low
3333,9,420,Pilot,9,2025,High
3334,10,420,Research,3,2026,Medium
3335,2,420,Research,10,2027,Low
3336,3,420,Not Adopted,7,2025,High
3337,12,420,Research,8,2025,Medium
3338,6,420,Not Adopted,7,2027,High
3339,8,420,Not Adopted,5,2027,Medium
3340,1,420,Pilot,9,2027,Medium
3341,7,420,Pilot,4,2024,Medium
3342,5,420,Adopted,6,2025,Low
3343,3,421,Research,10,2026,Medium
3344,11,421,Not Adopted,5,2025,Low
3345,6,421,Research,9,2027,Medium
3346,2,421,Not Adopted,10,2025,High
3347,9,421,Research,5,2025,Medium
3348,7,421,Not Adopted,5,2026,High
3349,12,421,Pilot,3,2025,Medium
3350,8,421,Not Adopted,10,2024,High
3351,10,421,Pilot,8,2027,Medium
3352,1,421,Adopted,7,2024,High
3353,8,422,Not Adopted,3,2024,Medium
3354,4,422,Adopted,7,2026,High
3355,1,422,Adopted,10,2026,High
3356,7,422,Not Adopted,10,2028,Low
3357,2,422,Adopted,8,2024,Medium
3358,3,422,Not Adopted,10,2027,Low
3359,6,422,Research,9,2024,High
3360,11,422,Pilot,7,2025,Low
3361,5,422,Pilot,9,2028,High
3362,12,422,Pilot,7,2025,Low
3363,10,422,Adopted,5,2024,High
3364,9,422,Pilot,9,2024,Medium
3365,5,423,Adopted,4,2025,High
3366,9,423,Pilot,6,2028,Medium
3367,10,423,Pilot,4,2027,High
3368,11,423,Research,4,2026,High
3369,8,423,Pilot,10,2026,Medium
3370,1,423,Research,8,2027,Low
3371,12,423,Research,4,2025,Low
3372,3,424,Research,7,2027,Medium
3373,8,424,Adopted,8,2024,High
3374,6,424,Research,9,2026,Medium
3375,7,424,Research,10,2028,Medium
3376,2,424,Research,8,2026,High
3377,5,424,Not Adopted,8,2028,Low
3378,12,424,Not Adopted,7,2026,Medium
3379,11,424,Not Adopted,8,2025,High
3380,4,424,Not Adopted,6,2025,Medium
3381,9,424,Pilot,3,2024,Medium
3382,1,424,Pilot,4,2027,High
3383,5,425,Pilot,9,2028,High
3384,11,425,Pilot,10,2025,Medium
3385,6,425,Pilot,6,2028,Low
3386,2,425,Adopted,3,2026,Medium
3387,12,425,Not Adopted,10,2028,Medium
3388,7,425,Adopted,4,2026,High
3389,7,426,Pilot,10,2028,Medium
3390,5,426,Research,5,2025,High
3391,9,426,Pilot,10,2025,Medium
3392,2,426,Pilot,3,2025,Low
3393,3,426,Research,3,2028,Low
3394,6,427,Not Adopted,7,2026,High
3395,2,427,Pilot,8,2025,High
3396,5,427,Not Adopted,5,2027,Medium
3397,4,427,Adopted,8,2027,High
3398,3,427,Adopted,5,2025,High
3399,7,427,Adopted,8,2025,Low
3400,1,427,Adopted,3,2027,High
3401,10,428,Not Adopted,5,2026,Low
3402,7,428,Adopted,9,2024,Low
3403,5,428,Research,3,2024,Medium
3404,3,428,Pilot,3,2024,Medium
3405,1,428,Pilot,10,2024,Low
3406,3,429,Pilot,3,2028,High
3407,10,429,Pilot,10,2028,High
3408,9,429,Pilot,5,2024,High
3409,1,429,Not Adopted,7,2026,High
3410,2,429,Research,5,2025,Low
3411,6,429,Adopted,7,2028,Low
3412,11,429,Pilot,5,2026,High
3413,6,430,Research,9,2026,Medium
3414,5,430,Not Adopted,6,2026,High
3415,10,430,Not Adopted,7,2024,High
3416,2,430,Pilot,6,2024,Medium
3417,9,430,Adopted,4,2027,High
3418,7,431,Not Adopted,6,2028,High
3419,3,431,Research,5,2025,Low
3420,9,431,Adopted,8,2027,High
3421,1,431,Research,9,2028,High
3422,6,431,Adopted,4,2028,Low
3423,4,431,Research,4,2025,Medium
3424,2,431,Research,7,2026,Low
3425,5,431,Adopted,8,2028,Low
3426,10,431,Adopted,7,2028,Low
3427,11,431,Pilot,4,2026,Low
3428,6,432,Research,5,2026,Medium
3429,4,432,Research,9,2025,Low
3430,7,432,Pilot,4,2025,Medium
3431,9,432,Adopted,3,2025,Low
3432,2,432,Research,9,2024,High
3433,1,432,Pilot,10,2026,High
3434,10,432,Not Adopted,5,2025,High
3435,11,432,Not Adopted,5,2024,Low
3436,3,432,Research,10,2024,Low
3437,12,432,Research,4,2028,Low
3438,5,432,Pilot,4,2028,High
3439,3,433,Not Adopted,4,2027,High
3440,7,433,Research,3,2024,High
3441,9,433,Pilot,9,2027,Low
3442,11,433,Not Adopted,6,2026,Medium
3443,5,433,Research,8,2028,Medium
3444,6,433,Not Adopted,3,2026,Medium
3445,4,433,Research,3,2026,Low
3446,8,433,Pilot,8,2028,Low
3447,3,434,Pilot,7,2026,Low
3448,4,434,Research,5,2025,High
3449,8,434,Pilot,4,2028,Low
3450,2,434,Not Adopted,4,2024,Low
3451,11,434,Not Adopted,10,2024,Low
3452,6,434,Pilot,6,2024,High
3453,9,434,Research,6,2026,Low
3454,7,434,Not Adopted,10,2027,Medium
3455,5,434,Adopted,6,2025,High
3456,12,434,Pilot,3,2025,Medium
3457,10,434,Adopted,3,2028,Medium
3458,1,434,Adopted,9,2024,Medium
3459,5,435,Pilot,9,2024,Medium
3460,6,435,Pilot,4,2026,High
3461,12,435,Research,3,2024,High
3462,9,435,Adopted,7,2026,Low
3463,10,435,Not Adopted,3,2025,Medium
3464,1,435,Research,4,2024,High
3465,8,435,Adopted,6,2026,Medium
3466,7,435,Adopted,5,2028,Low
3467,3,435,Not Adopted,8,2024,High
3468,11,435,Adopted,3,2024,High
3469,2,435,Adopted,6,2024,High
3470,4,435,Not Adopted,10,2024,Low
3471,9,436,Pilot,5,2024,Low
3472,7,436,Adopted,7,2025,Low
3473,4,436,Pilot,7,2026,Medium
3474,2,436,Pilot,6,2024,Medium
3475,8,436,Not Adopted,9,2025,High
3476,11,436,Research,8,2028,Low
3477,6,436,Pilot,8,2025,Medium
3478,1,436,Adopted,8,2028,Low
3479,3,436,Adopted,8,2024,Low
3480,5,436,Adopted,10,2025,Low
3481,12,436,Research,7,2027,Medium
3482,10,436,Not Adopted,10,2025,High
3483,5,437,Pilot,4,2024,High
3484,2,437,Not Adopted,10,2028,Low
3485,1,437,Pilot,4,2025,High
3486,3,437,Adopted,4,2024,Medium
3487,12,437,Adopted,9,2024,Medium
3488,10,437,Pilot,7,2028,High
3489,4,437,Adopted,9,2024,Medium
3490,6,437,Pilot,3,2028,Medium
3491,1,438,Adopted,4,2027,Medium
3492,10,438,Adopted,9,2026,High
3493,6,438,Adopted,4,2027,Low
3494,12,438,Adopted,3,2028,Medium
3495,4,438,Research,5,2027,Low
3496,2,438,Research,3,2026,Low
3497,3,438,Adopted,6,2028,Low
3498,5,438,Adopted,10,2028,Low
3499,11,438,Not Adopted,8,2027,Medium
3500,8,438,Pilot,7,2025,Medium
3501,4,439,Pilot,6,2027,Low
3502,7,439,Pilot,10,2026,Low
3503,9,439,Pilot,9,2026,Medium
3504,12,439,Adopted,4,2026,Medium
3505,11,439,Research,3,2027,High
3506,6,439,Adopted,8,2028,Medium
3507,2,439,Research,6,2027,Medium
3508,12,440,Pilot,9,2028,Medium
3509,10,440,Pilot,5,2025,Low
3510,6,440,Not Adopted,10,2026,Low
3511,4,440,Adopted,10,2024,Medium
3512,3,440,Not Adopted,4,2024,Low
3513,2,440,Adopted,4,2024,Low
3514,6,441,Pilot,7,2027,High
3515,1,441,Pilot,9,2024,Medium
3516,11,441,Research,8,2026,High
3517,12,441,Research,7,2028,High
3518,7,441,Adopted,6,2027,High
3519,5,441,Research,10,2026,Medium
3520,3,441,Pilot,3,2026,Low
3521,4,441,Pilot,8,2025,Medium
3522,8,441,Research,7,2026,Medium
3523,10,441,Not Adopted,3,2027,Low
3524,9,441,Adopted,4,2025,Medium
3525,8,442,Not Adopted,3,2026,Low
3526,9,442,Pilot,5,2028,Medium
3527,7,442,Research,8,2025,Low
3528,5,442,Research,10,2028,High
3529,1,443,Not Adopted,4,2026,High
3530,5,443,Not Adopted,10,2026,High
3531,9,443,Adopted,8,2025,Medium
3532,11,443,Adopted,10,2025,Medium
3533,12,443,Not Adopted,7,2028,High
3534,3,443,Research,5,2026,Medium
3535,7,443,Research,8,2025,Low
3536,8,443,Pilot,3,2027,Medium
3537,10,443,Not Adopted,7,2025,Low
3538,2,443,Research,10,2026,High
3539,12,444,Not Adopted,10,2027,Low
3540,7,444,Adopted,6,2028,High
3541,11,444,Pilot,8,2024,High
3542,8,444,Not Adopted,9,2025,Medium
3543,1,444,Pilot,3,2025,Low
3544,10,444,Research,9,2027,Medium
3545,11,445,Research,9,2026,High
3546,5,445,Adopted,5,2026,Medium
3547,8,445,Pilot,10,2024,High
3548,6,445,Not Adopted,8,2028,Low
3549,4,445,Pilot,7,2027,Medium
3550,3,445,Pilot,6,2028,Medium
3551,1,445,Adopted,7,2026,Medium
3552,9,445,Adopted,6,2028,High
3553,10,445,Not Adopted,9,2025,Low
3554,2,445,Adopted,8,2024,Medium
3555,12,445,Pilot,10,2025,Low
3556,7,445,Research,6,2026,Low
3557,3,446,Research,10,2026,High
3558,5,446,Pilot,8,2025,Medium
3559,2,446,Not Adopted,7,2028,Medium
3560,1,446,Not Adopted,6,2026,Medium
3561,5,447,Adopted,10,2025,Low
3562,8,447,Not Adopted,10,2026,Medium
3563,9,447,Adopted,5,2027,High
3564,1,447,Not Adopted,6,2028,Low
3565,7,447,Pilot,7,2028,Low
3566,11,447,Adopted,7,2026,Medium
3567,6,447,Not Adopted,5,2026,High
3568,10,447,Pilot,10,2027,Medium
3569,3,447,Research,10,2028,High
3570,2,447,Adopted,3,2027,High
3571,12,447,Adopted,10,2026,Low
3572,4,447,Not Adopted,10,2026,High
3573,2,448,Pilot,7,2025,Medium
3574,4,448,Pilot,3,2024,High
3575,10,448,Adopted,4,2025,Low
3576,5,448,Adopted,4,2026,Medium
3577,9,448,Research,6,2028,High
3578,11,448,Not Adopted,5,2028,High
3579,6,448,Not Adopted,5,2027,High
3580,3,448,Pilot,7,2024,High
3581,12,448,Research,10,2026,Low
3582,1,448,Not Adopted,3,2028,Low
3583,8,449,Research,7,2026,Low
3584,6,449,Research,7,2026,Low
3585,1,449,Adopted,8,2026,Medium
3586,9,449,Adopted,7,2024,High
3587,5,449,Adopted,6,2025,Medium
3588,2,449,Not Adopted,5,2026,High
3589,6,450,Research,10,2028,High
3590,11,450,Research,6,2026,Low
3591,1,450,Adopted,9,2024,Medium
3592,10,450,Pilot,7,2028,High
3593,3,450,Adopted,5,2024,Low
3594,9,450,Adopted,5,2024,Low
3595,5,451,Pilot,6,2026,Low
3596,8,451,Adopted,5,2026,Medium
3597,12,451,Not Adopted,10,2026,Low
3598,11,451,Not Adopted,5,2027,High
3599,7,451,Research,3,2025,Low
3600,1,452,Not Adopted,8,2027,Low
3601,4,452,Not Adopted,3,2027,Medium
3602,9,452,Pilot,5,2024,Medium
3603,5,452,Pilot,9,2025,Medium
3604,12,452,Adopted,5,2028,Low
3605,10,452,Research,3,2028,Low
3606,1,453,Adopted,7,2028,Low
3607,8,453,Pilot,7,2026,Low
3608,9,453,Not Adopted,9,2026,Low
3609,5,453,Adopted,10,2024,High
3610,3,453,Research,4,2028,High
3611,12,453,Not Adopted,8,2027,High
3612,6,453,Research,3,2026,Medium
3613,7,453,Research,6,2025,High
3614,4,453,Not Adopted,7,2027,Low
3615,2,454,Adopted,6,2025,High
3616,3,454,Adopted,10,2024,Low
3617,10,454,Adopted,6,2028,Medium
3618,9,454,Research,8,2027,Low
3619,4,454,Pilot,10,2027,High
3620,1,454,Adopted,3,2025,Medium
3621,8,454,Pilot,3,2027,Medium
3622,12,454,Adopted,3,2026,Medium
3623,11,454,Adopted,10,2026,High
3624,6,454,Not Adopted,8,2024,High
3625,5,454,Adopted,9,2024,Low
3626,7,454,Not Adopted,3,2026,Medium
3627,12,455,Adopted,10,2027,Medium
3628,6,455,Pilot,9,2025,High
3629,1,455,Not Adopted,9,2028,Low
3630,4,455,Not Adopted,8,2027,High
3631,8,455,Not Adopted,3,2026,Medium
3632,9,455,Pilot,3,2028,Low
3633,5,455,Research,3,2027,High
3634,10,455,Adopted,4,2026,High
3635,8,456,Research,9,2027,Low
3636,3,456,Pilot,10,2026,Low
3637,10,456,Adopted,10,2027,Medium
3638,4,456,Research,5,2025,High
3639,6,456,Pilot,10,2025,High
3640,5,456,Research,6,2027,Medium
3641,11,456,Research,4,2026,Medium
3642,2,456,Pilot,10,2028,Medium
3643,7,457,Not Adopted,8,2024,High
3644,10,457,Research,9,2025,Medium
3645,6,457,Not Adopted,6,2025,High
3646,12,457,Not Adopted,5,2026,Medium
3647,5,457,Research,9,2024,High
3648,3,457,Pilot,8,2024,High
3649,2,457,Research,6,2026,Low
3650,9,457,Not Adopted,4,2025,Low
3651,4,458,Adopted,7,2026,Low
3652,10,458,Adopted,4,2027,Low
3653,2,458,Pilot,10,2027,High
3654,5,458,Pilot,6,2028,Low
3655,7,458,Not Adopted,9,2027,High
3656,12,458,Not Adopted,9,2025,High
3657,1,458,Pilot,6,2025,High
3658,9,458,Not Adopted,7,2027,High
3659,8,458,Research,5,2025,High
3660,11,458,Research,9,2024,Low
3661,3,458,Research,5,2027,High
3662,4,459,Not Adopted,9,2024,Medium
3663,1,459,Research,8,2025,Medium
3664,12,459,Research,10,2026,High
3665,7,459,Pilot,5,2028,High
3666,10,459,Pilot,5,2025,Medium
3667,2,459,Adopted,7,2025,Medium
3668,3,459,Adopted,7,2026,Low
3669,5,459,Not Adopted,8,2027,High
3670,9,459,Research,5,2025,High
3671,6,459,Not Adopted,10,2028,Low
3672,3,460,Pilot,5,2028,Low
3673,2,460,Not Adopted,6,2025,High
3674,8,460,Pilot,5,2028,High
3675,1,460,Adopted,8,2024,High
3676,12,460,Adopted,6,2027,Low
3677,9,461,Adopted,9,2024,Low
3678,5,461,Research,7,2027,Medium
3679,11,461,Adopted,7,2026,High
3680,1,461,Pilot,6,2025,Low
3681,6,461,Research,9,2027,High
3682,12,461,Not Adopted,4,2026,Low
3683,4,461,Research,7,2027,High
3684,2,461,Adopted,6,2027,Medium
3685,7,461,Adopted,5,2028,Medium
3686,8,462,Not Adopted,7,2028,Medium
3687,12,462,Pilot,6,2028,Low
3688,1,462,Adopted,9,2024,Medium
3689,4,462,Research,6,2025,Low
3690,2,462,Adopted,5,2025,Medium
3691,6,463,Not Adopted,10,2028,Low
3692,5,463,Pilot,8,2024,Low
3693,4,463,Not Adopted,9,2026,Low
3694,9,463,Research,9,2024,High
3695,11,463,Adopted,8,2028,Medium
3696,1,463,Pilot,5,2026,High
3697,3,463,Pilot,7,2027,Medium
3698,12,463,Adopted,8,2024,High
3699,8,463,Research,8,2025,Low
3700,2,463,Research,7,2028,Low
3701,10,463,Adopted,7,2028,Low
3702,7,463,Pilot,7,2026,Low
3703,3,464,Not Adopted,10,2026,High
3704,11,464,Adopted,3,2024,Low
3705,4,464,Research,8,2028,Medium
3706,9,464,Adopted,9,2025,Medium
3707,2,464,Not Adopted,4,2026,Low
3708,5,464,Pilot,10,2026,Medium
3709,10,464,Adopted,7,2025,High
3710,8,464,Research,5,2026,Low
3711,6,464,Pilot,3,2024,Low
3712,12,464,Pilot,9,2024,High
3713,12,465,Research,7,2025,High
3714,1,465,Adopted,7,2026,High
3715,4,465,Pilot,4,2027,High
3716,5,465,Not Adopted,5,2024,Medium
3717,7,465,Adopted,6,2028,High
3718,8,465,Research,8,2024,Medium
3719,2,465,Not Adopted,8,2024,High
3720,3,465,Adopted,7,2025,High
3721,10,465,Not Adopted,3,2025,High
3722,6,465,Not Adopted,5,2026,Low
3723,8,466,Research,9,2026,Medium
3724,7,466,Not Adopted,8,2025,Medium
3725,3,466,Not Adopted,6,2025,High
3726,4,466,Pilot,8,2025,Medium
3727,1,466,Pilot,7,2024,Low
3728,5,466,Adopted,9,2028,Low
3729,5,467,Not Adopted,7,2026,Medium
3730,1,467,Not Adopted,3,2028,Low
3731,11,467,Adopted,4,2026,Low
3732,10,467,Not Adopted,4,2025,Medium
3733,7,467,Not Adopted,4,2027,Medium
3734,2,467,Not Adopted,9,2026,Medium
3735,6,468,Adopted,9,2025,Medium
3736,10,468,Adopted,6,2026,High
3737,12,468,Research,3,2024,High
3738,5,468,Not Adopted,9,2027,Medium
3739,9,468,Not Adopted,9,2026,Medium
3740,7,468,Pilot,10,2028,Medium
3741,4,468,Not Adopted,5,2025,High
3742,2,468,Not Adopted,5,2028,Low
3743,8,468,Research,10,2024,High
3744,3,468,Pilot,4,2024,High
3745,1,468,Adopted,10,2028,High
3746,7,469,Pilot,9,2024,High
3747,6,469,Research,7,2026,Low
3748,12,469,Not Adopted,10,2027,Low
3749,3,469,Research,8,2027,High
3750,10,469,Not Adopted,10,2028,Medium
3751,2,470,Not Adopted,6,2028,High
3752,3,470,Pilot,4,2024,Low
3753,10,470,Adopted,10,2027,High
3754,12,470,Adopted,6,2024,Low
3755,11,470,Adopted,5,2025,Low
3756,1,470,Adopted,8,2026,Medium
3757,6,470,Research,8,2026,High
3758,8,470,Research,7,2028,Low
3759,12,471,Not Adopted,5,2024,High
3760,8,471,Adopted,4,2026,Low
3761,5,471,Pilot,4,2025,High
3762,4,471,Pilot,4,2025,Low
3763,3,471,Adopted,9,2026,Medium
3764,2,471,Adopted,3,2026,Low
3765,6,471,Adopted,9,2024,Medium
3766,2,472,Not Adopted,5,2026,High
3767,3,472,Research,4,2025,High
3768,4,472,Pilot,7,2024,Low
3769,12,472,Adopted,3,2027,Medium
3770,6,472,Pilot,5,2027,Medium
3771,11,472,Not Adopted,6,2028,Medium
3772,5,472,Research,6,2028,Low
3773,1,472,Adopted,3,2026,Medium
3774,3,473,Adopted,3,2026,Low
3775,4,473,Not Adopted,6,2028,Low
3776,11,473,Not Adopted,7,2025,Medium
3777,9,473,Pilot,8,2025,Low
3778,10,473,Adopted,9,2027,High
3779,8,473,Not Adopted,8,2027,Medium
3780,7,473,Adopted,7,2024,High
3781,6,473,Not Adopted,7,2027,Medium
3782,3,474,Not Adopted,6,2025,Low
3783,6,474,Adopted,8,2026,Medium
3784,7,474,Not Adopted,5,2024,Low
3785,11,474,Adopted,8,2027,Low
3786,9,474,Adopted,3,2025,High
3787,2,475,Pilot,10,2024,Low
3788,11,475,Adopted,7,2026,Medium
3789,10,475,Pilot,9,2026,Low
3790,12,475,Research,10,2027,Medium
3791,4,475,Not Adopted,3,2024,Medium
3792,6,475,Pilot,10,2025,Low
3793,9,475,Adopted,8,2025,Low
3794,8,475,Adopted,3,2024,Medium
3795,3,475,Adopted,9,2025,High
3796,5,475,Adopted,9,2024,High
3797,7,475,Adopted,7,2026,Medium
3798,1,475,Research,8,2024,High
3799,5,476,Adopted,10,2024,Low
3800,12,476,Research,9,2024,Low
3801,9,476,Not Adopted,4,2027,Low
3802,10,476,Research,5,2025,Medium
3803,7,476,Not Adopted,7,2028,High
3804,8,476,Adopted,5,2026,High
3805,4,476,Research,4,2025,High
3806,7,477,Adopted,4,2027,High
3807,3,477,Adopted,10,2024,Medium
3808,1,477,Not Adopted,3,2027,Low
3809,5,477,Not Adopted,8,2028,High
3810,4,477,Not Adopted,4,2025,Low
3811,8,477,Adopted,5,2024,High
3812,6,477,Pilot,7,2028,Low
3813,2,477,Pilot,9,2025,High
3814,12,477,Adopted,7,2026,High
3815,11,477,Research,9,2025,Medium
3816,12,478,Adopted,4,2028,Low
3817,10,478,Not Adopted,9,2024,Medium
3818,8,478,Research,4,2027,High
3819,4,478,Research,6,2027,Low
3820,3,478,Not Adopted,4,2027,Low
3821,7,478,Adopted,5,2027,High
3822,9,478,Adopted,7,2025,Low
3823,5,478,Pilot,9,2028,High
3824,9,479,Adopted,9,2028,Medium
3825,12,479,Pilot,8,2024,Medium
3826,11,479,Not Adopted,5,2025,Medium
3827,4,479,Pilot,3,2028,Low
3828,5,479,Research,6,2024,Low
3829,1,479,Adopted,7,2024,High
3830,10,479,Research,5,2025,Low
3831,2,480,Research,8,2026,Medium
3832,12,480,Not Adopted,6,2026,Medium
3833,8,480,Pilot,7,2027,High
3834,10,480,Not Adopted,6,2027,Low
3835,9,480,Not Adopted,8,2026,Low
3836,7,481,Pilot,10,2024,High
3837,1,481,Not Adopted,5,2028,Low
3838,6,481,Pilot,3,2025,Medium
3839,10,481,Research,3,2028,High
3840,3,481,Adopted,9,2028,Low
3841,9,481,Research,7,2025,Low
3842,5,481,Not Adopted,6,2028,High
3843,12,482,Not Adopted,7,2025,High
3844,4,482,Research,3,2024,High
3845,2,482,Pilot,5,2024,Low
3846,10,482,Pilot,3,2028,High
3847,3,482,Not Adopted,8,2025,High
3848,5,482,Research,5,2024,High
3849,12,483,Pilot,4,2027,Medium
3850,6,483,Research,3,2025,Medium
3851,8,483,Adopted,8,2024,High
3852,3,483,Adopted,3,2028,Medium
3853,11,483,Research,9,2025,Medium
3854,9,484,Pilot,8,2025,Low
3855,11,484,Research,10,2028,High
3856,2,484,Adopted,4,2026,High
3857,6,484,Adopted,3,2026,Medium
3858,8,484,Pilot,9,2026,Medium
3859,10,484,Not Adopted,7,2024,High
3860,4,484,Not Adopted,7,2024,Low
3861,12,484,Not Adopted,8,2027,Medium
3862,7,484,Research,5,2024,High
3863,3,484,Research,9,2027,High
3864,9,485,Research,9,2024,Medium
3865,2,485,Adopted,9,2027,Medium
3866,8,485,Research,9,2027,Low
3867,4,485,Research,3,2028,Medium
3868,3,485,Pilot,3,2025,Low
3869,10,485,Pilot,4,2026,Low
3870,6,485,Pilot,10,2025,High
3871,11,485,Pilot,3,2027,Medium
3872,7,485,Research,6,2026,High
3873,12,485,Not Adopted,8,2024,Medium
3874,10,486,Adopted,5,2024,Low
3875,11,486,Pilot,6,2027,Low
3876,4,486,Research,6,2026,Medium
3877,12,486,Pilot,7,2024,Medium
3878,2,486,Pilot,10,2028,High
3879,5,486,Adopted,6,2027,High
3880,9,486,Research,4,2028,Medium
3881,8,487,Not Adopted,10,2024,High
3882,9,487,Not Adopted,7,2024,Low
3883,7,487,Not Adopted,8,2026,Medium
3884,5,487,Pilot,8,2024,Medium
3885,6,487,Adopted,10,2024,High
3886,11,487,Research,6,2026,Medium
3887,4,487,Not Adopted,6,2028,Medium
3888,3,487,Not Adopted,7,2026,Low
3889,2,487,Pilot,8,2025,Medium
3890,12,487,Research,6,2027,Medium
3891,10,487,Research,5,2025,Low
3892,1,488,Not Adopted,3,2026,Medium
3893,5,488,Research,7,2024,Medium
3894,9,488,Research,4,2025,High
3895,8,488,Pilot,10,2027,Low
3896,4,488,Adopted,3,2024,Low
3897,11,488,Adopted,8,2024,Medium
3898,6,488,Not Adopted,8,2024,Medium
3899,2,488,Not Adopted,3,2027,Low
3900,6,489,Adopted,4,2026,Medium
3901,3,489,Pilot,10,2024,Low
3902,7,489,Pilot,4,2025,Medium
3903,10,489,Adopted,8,2025,High
3904,11,489,Pilot,4,2026,High
3905,2,489,Not Adopted,3,2027,Low
3906,4,489,Not Adopted,6,2028,High
3907,12,490,Pilot,6,2027,Medium
3908,1,490,Pilot,10,2027,Low
3909,9,490,Pilot,8,2024,Low
3910,11,490,Not Adopted,10,2024,Low
3911,3,490,Pilot,10,2027,Low
3912,10,490,Adopted,7,2025,Medium
3913,4,490,Adopted,3,2026,Low
3914,5,490,Pilot,3,2025,High
3915,7,491,Not Adopted,7,2025,Medium
3916,5,491,Adopted,6,2028,Medium
3917,8,491,Research,5,2025,High
3918,10,491,Pilot,7,2025,Low
3919,6,491,Adopted,8,2026,Low
3920,2,491,Not Adopted,7,2024,Low
3921,12,491,Adopted,9,2024,Medium
3922,4,491,Adopted,7,2025,Medium
3923,1,491,Pilot,4,2024,Medium
3924,3,491,Not Adopted,10,2025,Medium
3925,6,492,Adopted,3,2027,Low
3926,3,492,Pilot,7,2024,Medium
3927,12,492,Not Adopted,8,2025,Medium
3928,1,492,Research,4,2028,High
3929,7,492,Research,6,2026,High
3930,7,493,Adopted,5,2024,Low
3931,9,493,Not Adopted,4,2024,Medium
3932,10,493,Research,7,2026,Low
3933,6,493,Pilot,3,2024,Low
3934,12,493,Not Adopted,5,2027,Low
3935,1,493,Research,3,2024,Low
3936,5,493,Pilot,5,2025,High
3937,4,493,Research,3,2027,High
3938,9,494,Not Adopted,5,2025,Low
3939,3,494,Adopted,7,2026,High
3940,11,494,Adopted,10,2026,Medium
3941,2,494,Research,6,2028,Low
3942,12,494,Adopted,7,2028,Medium
3943,5,494,Research,4,2025,Low
3944,8,494,Research,7,2025,High
3945,4,494,Adopted,7,2026,High
3946,1,494,Research,10,2026,High
3947,9,495,Research,3,2025,Medium
3948,10,495,Pilot,10,2027,High
3949,11,495,Adopted,7,2024,Low
3950,7,495,Not Adopted,10,2028,Medium
3951,5,495,Adopted,3,2025,Low
3952,4,495,Pilot,7,2027,Low
3953,1,495,Adopted,9,2025,Low
3954,3,495,Pilot,8,2026,Medium
3955,6,495,Research,9,2028,High
3956,12,495,Research,7,2028,Low
3957,8,495,Research,9,2024,High
3958,1,496,Pilot,4,2028,High
3959,6,496,Not Adopted,6,2025,Medium
3960,4,496,Adopted,6,2028,Low
3961,5,496,Not Adopted,5,2024,High
3962,2,496,Research,3,2024,Medium
3963,10,496,Adopted,6,2024,High
3964,8,496,Adopted,3,2028,High
3965,12,496,Adopted,4,2027,Low
3966,7,496,Research,5,2026,Low
3967,11,496,Not Adopted,8,2025,Low
3968,9,496,Not Adopted,8,2024,High
3969,3,496,Research,9,2026,High
3970,7,497,Research,8,2024,Low
3971,9,497,Research,5,2026,High
3972,4,497,Adopted,8,2027,High
3973,11,497,Adopted,8,2024,Medium
3974,1,497,Research,3,2024,Medium
3975,5,497,Adopted,9,2026,High
3976,8,497,Research,9,2028,Low
3977,3,497,Adopted,6,2025,Low
3978,6,497,Research,8,2024,Low
3979,12,497,Adopted,10,2028,High
3980,2,497,Adopted,8,2027,Low
3981,10,497,Research,3,2025,Medium
3982,10,498,Adopted,3,2027,Medium
3983,4,498,Adopted,3,2026,Medium
3984,1,498,Not Adopted,10,2025,Medium
3985,3,498,Not Adopted,10,2026,Medium
3986,7,498,Research,10,2026,Low
3987,5,498,Pilot,8,2028,Medium
3988,11,498,Adopted,9,2026,Low
3989,12,498,Pilot,6,2025,High
3990,8,498,Not Adopted,3,2025,High
3991,6,498,Not Adopted,6,2025,Low
3992,9,499,Research,7,2026,Medium
3993,2,499,Adopted,5,2025,High
3994,6,499,Pilot,9,2025,High
3995,1,499,Adopted,7,2024,High
3996,5,499,Adopted,7,2025,High
3997,8,499,Adopted,10,2027,High
3998,7,499,Not Adopted,8,2027,Medium
3999,10,499,Adopted,7,2028,High
4000,11,499,Research,8,2027,Medium
4001,12,499,Not Adopted,10,2024,Low
4002,12,500,Adopted,9,2025,Low
4003,6,500,Pilot,5,2028,Low
4004,9,500,Adopted,4,2025,Low
4005,2,500,Pilot,8,2025,Low
4006,7,500,Not Adopted,4,2027,High
4007,10,500,Not Adopted,9,2024,Low
4008,11,500,Not Adopted,9,2024,Medium
4009,3,500,Research,9,2028,Medium
4010,5,500,Not Adopted,4,2028,High
4011,1,500,Adopted,5,2028,Medium
4012,4,500,Research,9,2024,Medium
4013,8,500,Not Adopted,9,2024,Medium
4014,9,501,Pilot,9,2027,High
4015,10,501,Pilot,6,2027,High
4016,2,501,Adopted,8,2028,Low
4017,1,501,Pilot,9,2027,Medium
4018,3,501,Research,7,2025,Medium
4019,8,501,Research,3,2027,Medium
4020,5,501,Not Adopted,9,2024,Low
4021,11,501,Not Adopted,4,2024,Medium
4022,7,501,Adopted,7,2025,High
4023,7,502,Research,7,2028,Medium
4024,1,502,Research,10,2028,Medium
4025,11,502,Pilot,8,2027,Medium
4026,2,502,Pilot,5,2024,Medium
4027,3,502,Adopted,7,2028,Medium
4028,9,502,Adopted,5,2027,Medium
4029,6,502,Adopted,7,2024,Low
4030,8,502,Not Adopted,7,2028,Low
4031,4,502,Adopted,6,2027,High
4032,12,502,Not Adopted,3,2026,High
4033,10,502,Research,10,2024,Medium
4034,5,502,Not Adopted,5,2024,Medium
4035,2,503,Research,4,2025,Low
4036,6,503,Adopted,7,2027,Medium
4037,1,503,Pilot,8,2026,Medium
4038,3,503,Not Adopted,8,2024,Low
4039,4,503,Research,5,2026,Medium
4040,7,503,Research,3,2027,Medium
4041,11,503,Pilot,3,2024,Low
4042,1,504,Adopted,9,2027,Medium
4043,6,504,Adopted,10,2024,High
4044,12,504,Not Adopted,6,2024,Medium
4045,9,504,Research,8,2028,Medium
4046,2,504,Adopted,5,2024,Low
4047,3,504,Pilot,9,2024,High
4048,10,504,Pilot,9,2025,Medium
4049,11,504,Adopted,5,2024,High
4050,5,505,Research,10,2027,Low
4051,6,505,Not Adopted,4,2028,Low
4052,11,505,Adopted,8,2025,Low
4053,9,505,Not Adopted,4,2025,Medium
4054,2,505,Pilot,8,2027,Low
4055,1,505,Adopted,7,2027,High
4056,3,505,Research,10,2024,High
4057,3,506,Not Adopted,6,2026,High
4058,5,506,Adopted,3,2028,Medium
4059,11,506,Research,10,2027,Medium
4060,6,506,Pilot,9,2025,Low
4061,8,506,Not Adopted,8,2024,Medium
4062,4,506,Adopted,10,2027,Low
4063,10,506,Pilot,7,2027,High
4064,2,506,Research,9,2027,Low
4065,12,506,Adopted,10,2027,Low
4066,7,506,Not Adopted,4,2026,High
4067,9,506,Adopted,8,2025,Low
4068,1,506,Adopted,9,2024,High
4069,1,507,Not Adopted,6,2025,Low
4070,9,507,Research,3,2024,Medium
4071,5,507,Not Adopted,4,2027,Medium
4072,11,507,Not Adopted,7,2028,Low
4073,11,508,Research,7,2028,Low
4074,6,508,Research,7,2025,Low
4075,3,508,Not Adopted,10,2026,Low
4076,10,508,Not Adopted,7,2024,High
4077,7,508,Not Adopted,3,2024,Medium
4078,12,509,Adopted,10,2027,High
4079,5,509,Not Adopted,8,2025,Medium
4080,2,509,Adopted,5,2025,High
4081,10,509,Not Adopted,9,2026,High
4082,11,510,Pilot,7,2026,High
4083,2,510,Not Adopted,6,2024,Medium
4084,7,510,Pilot,7,2025,Medium
4085,1,510,Research,4,2026,Medium
4086,6,510,Research,6,2028,High
4087,9,510,Not Adopted,6,2028,High
4088,10,510,Not Adopted,7,2024,Low
4089,4,510,Not Adopted,9,2024,High
4090,5,510,Adopted,4,2028,Medium
4091,12,510,Research,6,2028,Low
4092,10,511,Pilot,9,2026,Medium
4093,1,511,Adopted,6,2026,Low
4094,3,511,Research,9,2026,Low
4095,9,511,Not Adopted,3,2027,Low
4096,5,511,Adopted,10,2024,High
4097,6,512,Not Adopted,10,2027,Low
4098,1,512,Adopted,8,2025,High
4099,12,512,Research,5,2027,Low
4100,2,512,Adopted,8,2027,High
4101,11,512,Not Adopted,5,2026,High
4102,3,512,Adopted,9,2028,Medium
4103,9,512,Pilot,5,2024,High
4104,4,512,Pilot,8,2026,Low
4105,7,512,Research,4,2024,Medium
4106,5,512,Adopted,10,2026,Medium
4107,7,513,Research,6,2025,Medium
4108,5,513,Pilot,5,2026,Medium
4109,9,513,Adopted,8,2025,High
4110,1,513,Research,5,2028,Low
4111,12,513,Pilot,5,2028,High
4112,6,513,Not Adopted,9,2028,Medium
4113,10,513,Adopted,7,2025,High
4114,8,513,Research,6,2026,Low
4115,2,513,Adopted,7,2027,High
4116,11,513,Not Adopted,6,2028,Medium
4117,3,513,Adopted,3,2028,Medium
4118,3,514,Adopted,4,2026,High
4119,12,514,Adopted,4,2026,High
4120,9,514,Pilot,5,2026,High
4121,6,514,Not Adopted,7,2028,Low
4122,5,514,Not Adopted,5,2027,Medium
4123,4,514,Not Adopted,4,2028,Medium
4124,2,514,Adopted,10,2026,High
4125,1,514,Pilot,4,2028,Medium
4126,11,514,Research,5,2028,High
4127,11,515,Research,6,2025,Low
4128,8,515,Not Adopted,4,2027,Medium
4129,7,515,Adopted,5,2026,High
4130,12,515,Not Adopted,3,2026,Low
4131,6,515,Not Adopted,7,2025,High
4132,10,515,Adopted,3,2026,Low
4133,9,515,Adopted,6,2025,Medium
4134,2,515,Research,9,2027,High
4135,5,515,Research,6,2025,Medium
4136,4,516,Pilot,7,2025,Low
4137,3,516,Adopted,3,2026,Low
4138,8,516,Pilot,3,2025,Medium
4139,2,516,Research,7,2028,High
4140,1,516,Adopted,5,2027,Low
4141,6,516,Pilot,3,2026,Low
4142,5,516,Not Adopted,6,2027,Low
4143,12,516,Adopted,7,2024,Medium
4144,7,516,Not Adopted,7,2024,Low
4145,11,517,Not Adopted,3,2026,Medium
4146,3,517,Pilot,10,2024,Medium
4147,1,517,Adopted,6,2024,Low
4148,4,517,Not Adopted,3,2026,Low
4149,10,518,Research,7,2026,Medium
4150,3,518,Adopted,6,2028,Low
4151,4,518,Not Adopted,5,2025,Low
4152,5,518,Pilot,6,2028,Medium
4153,2,518,Not Adopted,9,2028,High
4154,8,518,Pilot,7,2025,Low
4155,6,518,Research,9,2025,Medium
4156,9,518,Pilot,4,2024,High
4157,12,518,Not Adopted,3,2027,Low
4158,1,518,Pilot,4,2026,Medium
4159,7,519,Not Adopted,6,2028,High
4160,9,519,Pilot,6,2024,Medium
4161,4,519,Adopted,3,2024,Low
4162,10,519,Not Adopted,10,2024,Medium
4163,2,519,Adopted,3,2027,High
4164,5,519,Adopted,9,2027,Medium
4165,3,519,Not Adopted,4,2025,Medium
4166,6,519,Research,10,2027,Medium
4167,11,519,Not Adopted,8,2024,High
4168,1,519,Not Adopted,4,2027,High
4169,12,519,Adopted,3,2024,Low
4170,8,519,Not Adopted,9,2024,Medium
4171,6,520,Pilot,10,2026,High
4172,2,520,Not Adopted,9,2025,Low
4173,4,520,Research,8,2026,High
4174,3,520,Adopted,5,2028,Low
4175,7,520,Pilot,6,2026,Low
4176,11,520,Research,6,2026,Low
4177,8,520,Adopted,3,2024,Low
4178,1,520,Not Adopted,10,2028,Low
4179,9,520,Research,8,2026,Medium
4180,7,521,Pilot,3,2024,Low
4181,8,521,Not Adopted,3,2026,High
4182,11,521,Not Adopted,10,2028,Low
4183,10,521,Not Adopted,10,2024,High
4184,1,521,Research,5,2027,Low
4185,6,521,Research,6,2028,Medium
4186,3,521,Not Adopted,3,2024,High
4187,4,521,Research,6,2028,Low
4188,9,521,Pilot,6,2026,Medium
4189,5,521,Research,10,2025,Low
4190,2,521,Pilot,10,2028,Medium
4191,5,522,Adopted,6,2024,Low
4192,8,522,Pilot,4,2027,High
4193,12,522,Not Adopted,9,2028,Medium
4194,11,522,Research,5,2028,Low
4195,10,522,Pilot,9,2027,Low
4196,2,522,Research,5,2026,Medium
4197,6,523,Adopted,8,2026,Medium
4198,1,523,Pilot,7,2028,High
4199,11,523,Adopted,6,2025,High
4200,2,523,Research,10,2024,Medium
4201,2,524,Adopted,8,2027,Medium
4202,4,524,Not Adopted,6,2025,Low
4203,12,524,Pilot,5,2026,High
4204,8,524,Not Adopted,9,2027,Medium
4205,6,524,Not Adopted,4,2028,Medium
4206,1,524,Pilot,5,2024,High
4207,7,524,Research,10,2024,High
4208,3,524,Adopted,7,2026,Medium
4209,11,524,Adopted,6,2027,Medium
4210,5,524,Research,3,2024,Low
4211,10,524,Adopted,9,2026,High
4212,3,525,Not Adopted,4,2026,High
4213,6,525,Research,4,2025,Medium
4214,5,525,Pilot,5,2025,Medium
4215,12,525,Adopted,7,2024,High
4216,6,526,Research,7,2028,Medium
4217,2,526,Pilot,10,2028,Medium
4218,12,526,Adopted,4,2027,Low
4219,11,526,Research,5,2025,Low
4220,4,526,Research,7,2024,Medium
4221,3,526,Research,3,2028,Medium
4222,9,526,Not Adopted,3,2024,High
4223,5,526,Adopted,3,2025,High
4224,1,526,Pilot,8,2024,Low
4225,10,526,Not Adopted,4,2028,Low
4226,8,526,Research,10,2028,Medium
4227,6,527,Not Adopted,6,2024,High
4228,7,527,Not Adopted,7,2027,Low
4229,10,527,Pilot,4,2026,Low
4230,1,527,Not Adopted,8,2028,Low
4231,12,527,Not Adopted,5,2024,Low
4232,3,527,Pilot,6,2024,High
4233,4,527,Research,9,2027,Medium
4234,2,527,Adopted,4,2025,Low
4235,5,527,Pilot,3,2028,Medium
4236,8,527,Research,9,2028,Medium
4237,9,527,Adopted,9,2028,High
4238,11,527,Not Adopted,9,2024,Low
4239,2,528,Adopted,10,2027,Low
4240,11,528,Pilot,3,2024,High
4241,6,528,Research,7,2025,Low
4242,9,528,Not Adopted,9,2028,Low
4243,3,528,Research,3,2027,Medium
4244,4,528,Adopted,6,2027,Low
4245,12,529,Adopted,4,2025,High
4246,3,529,Adopted,9,2028,Medium
4247,4,529,Not Adopted,9,2024,High
4248,5,529,Pilot,3,2025,High
4249,10,529,Research,7,2028,Medium
4250,8,529,Research,8,2025,Medium
4251,7,529,Research,7,2026,Low
4252,6,529,Research,4,2027,High
4253,11,529,Pilot,3,2027,High
4254,12,530,Research,3,2027,Medium
4255,3,530,Not Adopted,8,2025,Low
4256,7,530,Research,4,2024,Low
4257,4,530,Research,3,2027,High
4258,8,530,Pilot,3,2028,High
4259,6,530,Adopted,10,2024,High
4260,11,531,Adopted,3,2025,High
4261,6,531,Research,6,2025,Low
4262,10,531,Pilot,4,2026,High
4263,8,531,Research,10,2025,Low
4264,5,531,Not Adopted,8,2025,Low
4265,4,531,Pilot,3,2026,Medium
4266,12,531,Adopted,9,2024,Low
4267,9,532,Research,7,2025,Low
4268,8,532,Not Adopted,10,2025,Low
4269,1,532,Research,8,2025,High
4270,4,532,Adopted,5,2027,Low
4271,3,532,Pilot,4,2026,Medium
4272,5,532,Pilot,7,2025,Low
4273,10,532,Pilot,5,2027,High
4274,11,532,Adopted,9,2026,Medium
4275,2,532,Not Adopted,8,2027,Low
4276,7,532,Pilot,3,2025,Medium
4277,12,532,Research,3,2024,Low
4278,7,533,Pilot,4,2028,Medium
4279,10,533,Adopted,10,2027,High
4280,8,533,Not Adopted,6,2024,Medium
4281,12,533,Pilot,10,2025,High
4282,6,533,Adopted,5,2026,Low
4283,3,533,Pilot,9,2024,Medium
4284,11,533,Adopted,4,2028,High
4285,4,533,Pilot,10,2028,High
4286,1,533,Adopted,8,2025,Low
4287,9,533,Not Adopted,7,2028,Medium
4288,2,533,Not Adopted,10,2027,Medium
4289,8,534,Adopted,6,2025,High
4290,3,534,Pilot,9,2025,Medium
4291,7,534,Pilot,8,2027,Low
4292,5,534,Pilot,4,2028,Low
4293,9,534,Pilot,3,2026,Medium
4294,10,534,Pilot,10,2028,Medium
4295,12,534,Adopted,4,2027,Low
4296,2,534,Not Adopted,3,2026,Low
4297,12,535,Adopted,4,2026,High
4298,9,535,Pilot,9,2026,Low
4299,3,535,Pilot,10,2027,High
4300,2,535,Pilot,10,2024,High
4301,8,535,Adopted,10,2025,Low
4302,5,535,Research,9,2026,High
4303,4,535,Research,9,2024,Low
4304,11,535,Pilot,10,2024,High
4305,10,535,Not Adopted,6,2025,Medium
4306,11,536,Pilot,7,2026,High
4307,12,536,Research,7,2027,Medium
4308,10,536,Research,3,2027,Low
4309,8,536,Pilot,7,2028,High
4310,7,536,Research,7,2027,Medium
4311,9,536,Not Adopted,4,2025,High
4312,2,536,Not Adopted,4,2026,High
4313,5,536,Adopted,6,2027,High
4314,1,536,Not Adopted,9,2027,High
4315,6,536,Not Adopted,10,2027,High
4316,3,536,Not Adopted,7,2028,High
4317,7,537,Research,5,2028,High
4318,9,537,Adopted,4,2025,Low
4319,10,537,Pilot,10,2025,Low
4320,5,537,Pilot,8,2026,Medium
4321,3,537,Not Adopted,4,2025,High
4322,12,537,Not Adopted,7,2024,High
4323,1,537,Not Adopted,8,2024,Medium
4324,11,537,Adopted,5,2028,Low
4325,6,537,Adopted,6,2024,Medium
4326,8,537,Pilot,10,2024,Low
4327,4,538,Not Adopted,5,2027,High
4328,5,538,Research,5,2027,Medium
4329,11,538,Adopted,5,2024,Medium
4330,10,538,Not Adopted,5,2026,Medium
4331,2,538,Pilot,9,2027,Medium
4332,6,538,Research,10,2025,High
4333,1,538,Pilot,3,2027,Medium
4334,8,538,Adopted,10,2027,Medium
4335,9,538,Adopted,8,2026,Low
4336,3,538,Not Adopted,4,2027,Medium
4337,12,538,Research,8,2028,High
4338,8,539,Research,9,2026,Low
4339,3,539,Not Adopted,6,2027,Low
4340,2,539,Research,3,2024,Low
4341,1,539,Pilot,6,2026,Medium
4342,7,539,Adopted,9,2024,Low
4343,5,539,Not Adopted,3,2025,High
4344,6,539,Adopted,5,2026,High
4345,9,539,Pilot,10,2027,Medium
4346,4,539,Pilot,5,2024,Medium
4347,12,539,Pilot,7,2025,Medium
4348,12,540,Research,5,2028,Medium
4349,9,540,Research,9,2027,Low
4350,3,540,Adopted,8,2026,Medium
4351,1,540,Research,9,2026,Medium
4352,7,541,Research,6,2025,High
4353,9,541,Not Adopted,10,2025,High
4354,10,541,Not Adopted,3,2026,Medium
4355,2,541,Pilot,6,2025,Low
4356,5,541,Research,5,2027,High
4357,12,541,Adopted,5,2025,Low
4358,3,541,Adopted,7,2028,Medium
4359,11,541,Not Adopted,9,2028,Medium
4360,4,541,Adopted,5,2024,High
4361,6,541,Not Adopted,8,2024,High
4362,8,541,Adopted,6,2026,Medium
4363,1,541,Adopted,4,2028,High
4364,6,542,Pilot,3,2028,High
4365,10,542,Not Adopted,3,2028,Low
4366,3,542,Research,6,2026,Low
4367,11,542,Pilot,4,2028,Medium
4368,7,542,Not Adopted,7,2028,Medium
4369,12,542,Research,10,2024,High
4370,9,542,Research,6,2024,Medium
4371,5,542,Pilot,8,2026,Medium
4372,5,543,Research,5,2027,Low
4373,2,543,Pilot,7,2025,High
4374,3,543,Not Adopted,3,2025,Medium
4375,4,543,Adopted,4,2027,Low
4376,9,544,Research,10,2025,Low
4377,2,544,Research,5,2027,Medium
4378,12,544,Not Adopted,7,2025,Low
4379,8,544,Not Adopted,5,2027,Low
4380,10,544,Pilot,4,2028,High
4381,11,544,Not Adopted,6,2025,Low
4382,7,544,Pilot,8,2026,High
4383,6,544,Research,5,2026,Low
4384,3,544,Pilot,6,2025,Medium
4385,5,544,Adopted,10,2026,Low
4386,4,544,Pilot,5,2028,Medium
4387,1,544,Not Adopted,9,2027,Low
4388,4,545,Pilot,10,2028,High
4389,7,545,Pilot,5,2027,High
4390,10,545,Adopted,7,2026,Medium
4391,5,545,Adopted,9,2027,Medium
4392,8,546,Adopted,6,2028,High
4393,6,546,Adopted,10,2026,Low
4394,3,546,Research,10,2028,High
4395,9,546,Not Adopted,3,2025,High
4396,12,547,Not Adopted,3,2024,Low
4397,3,547,Adopted,4,2024,High
4398,11,547,Pilot,7,2025,Low
4399,4,547,Not Adopted,5,2027,High
4400,5,547,Pilot,8,2028,High
4401,1,547,Research,4,2026,Medium
4402,10,547,Not Adopted,6,2024,Low
4403,2,547,Research,6,2024,Low
4404,7,547,Pilot,3,2026,Medium
4405,8,547,Adopted,7,2026,High
4406,9,547,Research,4,2026,Low
4407,6,547,Pilot,3,2028,Low
4408,4,548,Research,6,2024,High
4409,2,548,Not Adopted,9,2025,Medium
4410,9,548,Research,3,2025,High
4411,7,548,Not Adopted,6,2028,Medium
4412,6,549,Not Adopted,10,2024,Medium
4413,12,549,Research,9,2025,High
4414,9,549,Research,6,2024,Medium
4415,5,549,Adopted,3,2025,High
4416,2,549,Pilot,3,2028,Low
4417,3,549,Pilot,3,2025,Medium
4418,10,549,Research,10,2026,High
4419,8,549,Adopted,6,2028,Medium
4420,2,550,Pilot,7,2028,Medium
4421,10,550,Pilot,8,2028,High
4422,11,550,Not Adopted,10,2027,Low
4423,5,550,Not Adopted,8,2026,High
4424,4,550,Adopted,5,2024,Medium
4425,12,550,Adopted,8,2027,High
4426,7,550,Not Adopted,10,2025,High
4427,1,550,Pilot,10,2028,Medium
4428,3,551,Research,5,2025,High
4429,9,551,Pilot,5,2025,Low
4430,12,551,Research,9,2026,Low
4431,8,551,Not Adopted,6,2025,Medium
4432,7,551,Research,4,2026,Medium
4433,5,551,Pilot,10,2024,High
4434,6,551,Research,8,2026,Medium
4435,4,551,Not Adopted,5,2027,High
4436,1,551,Not Adopted,5,2028,High
4437,6,552,Pilot,8,2024,Medium
4438,3,552,Adopted,7,2028,High
4439,10,552,Not Adopted,9,2025,Low
4440,1,552,Adopted,10,2028,Low
4441,7,552,Pilot,3,2028,Medium
4442,2,553,Adopted,4,2027,Medium
4443,5,553,Adopted,10,2028,Medium
4444,6,553,Not Adopted,6,2028,High
4445,7,553,Research,3,2024,Low
4446,9,553,Pilot,5,2028,Medium
4447,12,553,Research,5,2027,Medium
4448,10,553,Pilot,8,2024,High
4449,2,554,Pilot,4,2024,Medium
4450,9,554,Not Adopted,10,2028,Medium
4451,12,554,Adopted,9,2028,High
4452,6,554,Not Adopted,5,2025,High
4453,9,555,Research,10,2027,Medium
4454,1,555,Adopted,10,2027,Low
4455,2,555,Research,6,2027,High
4456,8,555,Research,8,2025,Low
4457,4,556,Not Adopted,9,2024,Low
4458,9,556,Adopted,8,2028,Low
4459,11,556,Not Adopted,5,2027,Low
4460,12,556,Not Adopted,3,2025,Low
4461,3,556,Not Adopted,3,2027,Low
4462,1,556,Research,5,2026,Medium
4463,8,556,Research,6,2027,Low
4464,6,556,Research,7,2026,Low
4465,5,557,Adopted,6,2026,Medium
4466,8,557,Adopted,8,2025,Medium
4467,12,557,Not Adopted,4,2028,Medium
4468,10,557,Pilot,9,2025,Low
4469,2,557,Research,5,2025,Low
4470,7,557,Not Adopted,3,2026,Medium
4471,1,557,Adopted,9,2026,Low
4472,6,557,Not Adopted,4,2027,Medium
4473,3,557,Adopted,8,2026,Low
4474,9,557,Not Adopted,6,2028,Medium
4475,6,558,Research,8,2026,High
4476,8,558,Adopted,8,2024,Low
4477,12,558,Pilot,5,2026,Medium
4478,4,558,Adopted,10,2024,Medium
4479,3,558,Not Adopted,8,2027,Medium
4480,9,558,Research,10,2028,Low
4481,7,558,Adopted,6,2027,Medium
4482,10,558,Research,3,2025,High
4483,5,558,Not Adopted,6,2028,Medium
4484,2,558,Pilot,4,2028,High
4485,1,558,Not Adopted,9,2026,High
4486,11,558,Not Adopted,6,2028,High
4487,11,559,Pilot,10,2028,Low
4488,5,559,Pilot,3,2025,Low
4489,3,559,Pilot,7,2024,High
4490,1,559,Adopted,8,2028,High
4491,10,559,Pilot,4,2027,Medium
4492,8,559,Adopted,9,2026,Low
4493,6,559,Not Adopted,7,2024,High
4494,7,559,Adopted,5,2025,High
4495,12,559,Research,4,2028,High
4496,2,559,Research,10,2028,Low
4497,2,560,Research,8,2025,Low
4498,12,560,Not Adopted,5,2025,High
4499,9,560,Research,8,2025,Low
4500,11,560,Research,3,2024,High
4501,4,560,Adopted,10,2026,High
4502,3,560,Adopted,5,2027,High
4503,6,560,Research,6,2028,Medium
4504,5,561,Pilot,8,2024,Low
4505,12,561,Adopted,10,2027,High
4506,1,561,Adopted,6,2027,Medium
4507,3,561,Not Adopted,7,2027,Medium
4508,2,561,Adopted,8,2028,Low
4509,7,561,Adopted,6,2024,Low
4510,9,561,Not Adopted,8,2027,Medium
4511,10,561,Research,8,2026,Medium
4512,6,561,Research,5,2028,High
4513,4,561,Not Adopted,7,2027,High
4514,2,562,Adopted,4,2025,High
4515,5,562,Adopted,10,2028,Medium
4516,12,562,Pilot,3,2025,Medium
4517,1,562,Pilot,8,2024,Medium
4518,3,562,Not Adopted,6,2028,High
4519,8,562,Not Adopted,7,2025,Low
4520,9,562,Research,5,2027,Low
4521,6,562,Adopted,9,2028,Low
4522,4,562,Not Adopted,6,2028,High
4523,10,562,Research,6,2026,Medium
4524,4,563,Adopted,3,2026,Medium
4525,8,563,Adopted,7,2024,High
4526,9,563,Research,9,2026,Medium
4527,1,563,Not Adopted,6,2025,Low
4528,1,564,Research,4,2024,Low
4529,5,564,Research,9,2027,Medium
4530,7,564,Adopted,9,2025,Low
4531,8,564,Pilot,9,2025,Medium
4532,3,564,Research,3,2024,Low
4533,12,564,Adopted,9,2026,Medium
4534,2,564,Pilot,8,2024,Low
4535,10,564,Research,7,2027,High
4536,4,565,Research,7,2025,High
4537,11,565,Adopted,7,2025,Low
4538,1,565,Not Adopted,10,2024,Medium
4539,3,565,Not Adopted,5,2025,High
4540,5,565,Research,10,2025,Medium
4541,8,565,Not Adopted,8,2024,Low
4542,10,565,Adopted,4,2027,Low
4543,2,565,Adopted,3,2028,High
4544,7,565,Adopted,7,2027,Low
4545,9,565,Not Adopted,7,2028,High
4546,12,565,Adopted,6,2026,Low
4547,6,565,Research,4,2026,Low
4548,4,566,Research,9,2025,Medium
4549,5,566,Adopted,8,2024,High
4550,12,566,Pilot,6,2025,Medium
4551,6,566,Research,3,2028,Medium
4552,8,566,Pilot,7,2026,Medium
4553,2,566,Pilot,6,2027,High
4554,9,566,Adopted,7,2024,Low
4555,10,566,Research,9,2024,High
4556,3,566,Pilot,3,2028,Low
4557,1,566,Not Adopted,8,2025,Medium
4558,7,566,Pilot,3,2024,Medium
4559,11,566,Not Adopted,8,2026,Low
4560,7,567,Research,4,2028,High
4561,3,567,Not Adopted,5,2027,High
4562,12,567,Adopted,6,2025,Medium
4563,8,567,Pilot,5,2028,Medium
4564,10,567,Pilot,6,2024,Medium
4565,8,568,Research,8,2027,Low
4566,5,568,Pilot,5,2027,High
4567,4,568,Not Adopted,8,2026,Low
4568,1,568,Adopted,7,2024,Low
4569,2,568,Not Adopted,6,2028,Medium
4570,6,568,Pilot,7,2026,High
4571,3,568,Adopted,8,2026,Low
4572,12,568,Pilot,3,2026,High
4573,9,568,Not Adopted,8,2024,High
4574,11,568,Not Adopted,9,2028,High
4575,3,569,Research,5,2026,High
4576,5,569,Research,4,2027,Low
4577,12,569,Pilot,3,2024,Low
4578,1,569,Not Adopted,10,2028,Low
4579,8,570,Pilot,7,2027,Low
4580,11,570,Research,4,2028,Low
4581,12,570,Research,10,2024,Medium
4582,3,570,Adopted,6,2026,High
4583,7,570,Adopted,6,2027,Medium
4584,10,570,Research,5,2024,Low
4585,9,570,Research,9,2026,Medium
4586,4,570,Pilot,10,2026,High
4587,5,570,Research,10,2024,Low
4588,2,570,Adopted,10,2026,Low
4589,6,570,Adopted,4,2026,Low
4590,1,570,Not Adopted,7,2028,Low
4591,6,571,Adopted,8,2027,Medium
4592,1,571,Research,3,2027,Medium
4593,7,571,Adopted,9,2026,Low
4594,12,571,Adopted,5,2025,Low
4595,11,571,Research,6,2026,Low
4596,10,571,Pilot,7,2025,Low
4597,8,571,Adopted,10,2024,High
4598,9,571,Adopted,8,2025,Medium
4599,4,571,Adopted,3,2028,Low
4600,5,571,Research,3,2028,Low
4601,2,571,Pilot,8,2026,Medium
4602,3,571,Adopted,6,2027,High
4603,2,572,Pilot,3,2026,High
4604,6,572,Pilot,4,2028,Medium
4605,11,572,Not Adopted,7,2024,High
4606,10,572,Not Adopted,4,2025,Medium
4607,4,572,Adopted,8,2025,Low
4608,1,572,Adopted,3,2028,High
4609,9,572,Research,3,2024,High
4610,7,572,Adopted,6,2027,Low
4611,3,572,Not Adopted,6,2025,High
4612,8,572,Pilot,3,2026,High
4613,12,572,Pilot,4,2024,High
4614,6,573,Research,6,2025,Medium
4615,2,573,Not Adopted,7,2027,Low
4616,3,573,Pilot,4,2025,Medium
4617,4,573,Adopted,7,2025,Medium
4618,8,574,Pilot,9,2027,Medium
4619,9,574,Research,8,2025,Medium
4620,3,574,Not Adopted,6,2027,Medium
4621,5,574,Pilot,8,2028,Medium
4622,5,575,Adopted,9,2027,Medium
4623,9,575,Pilot,8,2026,Low
4624,11,575,Research,7,2028,Medium
4625,1,575,Adopted,10,2026,Medium
4626,7,575,Pilot,7,2025,Medium
4627,7,576,Adopted,7,2026,Low
4628,12,576,Not Adopted,8,2028,Medium
4629,10,576,Research,4,2027,Low
4630,1,576,Research,8,2025,Low
4631,5,576,Pilot,5,2025,Low
4632,2,576,Pilot,6,2028,Low
4633,9,576,Not Adopted,4,2026,Low
4634,4,576,Not Adopted,10,2025,Low
4635,6,576,Pilot,7,2025,Medium
4636,11,576,Not Adopted,10,2027,Low
4637,8,576,Adopted,10,2026,Medium
4638,10,577,Research,3,2025,High
4639,5,577,Not Adopted,5,2028,Low
4640,1,577,Pilot,6,2026,High
4641,11,577,Research,5,2025,High
4642,9,577,Research,8,2027,High
4643,3,577,Adopted,5,2026,Low
4644,6,577,Adopted,8,2024,Medium
4645,12,577,Pilot,7,2027,High
4646,7,577,Pilot,8,2025,Medium
4647,2,578,Adopted,7,2027,Medium
4648,12,578,Adopted,8,2025,High
4649,4,578,Not Adopted,5,2025,High
4650,11,578,Research,9,2028,Low
4651,9,578,Not Adopted,4,2026,Medium
4652,3,579,Not Adopted,10,2028,High
4653,5,579,Adopted,6,2027,Low
4654,7,579,Research,9,2024,High
4655,4,579,Adopted,3,2024,Medium
4656,6,579,Pilot,10,2028,Low
4657,11,579,Pilot,6,2024,Medium
4658,12,579,Pilot,7,2024,Medium
4659,10,580,Adopted,9,2024,Medium
4660,4,580,Adopted,5,2025,High
4661,1,580,Not Adopted,7,2026,High
4662,9,580,Adopted,9,2024,High
4663,3,580,Not Adopted,4,2024,Medium
4664,7,580,Adopted,7,2026,Low
4665,3,581,Research,6,2025,Low
4666,8,581,Not Adopted,7,2024,Medium
4667,9,581,Research,9,2026,Low
4668,4,581,Research,5,2028,Low
4669,11,581,Research,3,2028,Medium
4670,5,581,Adopted,7,2025,Low
4671,1,581,Not Adopted,10,2025,High
4672,8,582,Adopted,9,2028,Medium
4673,4,582,Adopted,4,2024,Low
4674,3,582,Adopted,9,2025,Low
4675,10,582,Research,9,2026,Low
4676,6,582,Adopted,8,2025,Low
4677,7,582,Not Adopted,10,2026,Low
4678,12,582,Pilot,3,2027,Low
4679,10,583,Research,5,2026,Low
4680,1,583,Adopted,3,2027,High
4681,3,583,Not Adopted,6,2028,Medium
4682,12,583,Research,5,2024,Medium
4683,6,583,Research,10,2027,Medium
4684,8,583,Research,6,2024,High
4685,5,583,Not Adopted,6,2024,Low
4686,2,583,Research,7,2024,High
4687,9,583,Pilot,7,2025,High
4688,11,583,Research,10,2027,High
4689,10,584,Not Adopted,9,2027,High
4690,8,584,Pilot,4,2025,High
4691,9,584,Adopted,8,2024,Medium
4692,4,584,Adopted,7,2025,Low
4693,2,584,Not Adopted,8,2027,Low
4694,11,584,Research,3,2028,Low
4695,7,584,Research,3,2028,Low
4696,1,584,Adopted,10,2025,High
4697,3,584,Pilot,3,2025,High
4698,5,584,Not Adopted,6,2027,High
4699,12,584,Research,9,2027,Medium
4700,5,585,Research,6,2027,Medium
4701,10,585,Not Adopted,7,2024,Medium
4702,11,585,Not Adopted,3,2024,Medium
4703,12,585,Adopted,5,2025,High
4704,8,585,Not Adopted,6,2028,Low
4705,4,585,Adopted,7,2025,Low
4706,7,585,Adopted,4,2027,Medium
4707,2,585,Pilot,3,2027,High
4708,3,585,Adopted,7,2028,Low
4709,9,585,Research,4,2028,High
4710,9,586,Not Adopted,10,2026,Low
4711,11,586,Pilot,6,2025,Low
4712,1,586,Not Adopted,10,2027,Low
4713,12,586,Adopted,10,2028,Low
4714,10,586,Research,3,2027,Low
4715,3,586,Adopted,5,2024,High
4716,5,586,Not Adopted,5,2027,High
4717,4,586,Research,5,2028,High
4718,7,586,Pilot,4,2028,High
4719,8,586,Research,7,2025,High
4720,1,587,Research,8,2025,Low
4721,10,587,Research,6,2027,High
4722,9,587,Research,7,2028,Medium
4723,3,587,Pilot,8,2025,Low
4724,2,587,Pilot,6,2025,Medium
4725,5,587,Research,9,2028,Medium
4726,7,587,Pilot,9,2025,Medium
4727,12,588,Research,10,2027,High
4728,11,588,Pilot,8,2028,Medium
4729,9,588,Not Adopted,8,2026,High
4730,6,588,Pilot,8,2028,High
4731,1,589,Adopted,3,2027,Low
4732,5,589,Adopted,4,2026,Medium
4733,2,589,Adopted,10,2024,Low
4734,12,589,Not Adopted,4,2026,Low
4735,6,590,Adopted,6,2028,Medium
4736,8,590,Adopted,10,2024,Low
4737,10,590,Research,9,2028,Medium
4738,5,590,Pilot,5,2025,Medium
4739,12,590,Not Adopted,10,2028,Low
4740,4,590,Pilot,7,2026,High
4741,2,590,Research,3,2024,Low
4742,7,590,Research,10,2026,High
4743,11,590,Not Adopted,10,2024,Medium
4744,1,590,Pilot,3,2024,Medium
4745,3,590,Pilot,3,2027,High
4746,9,590,Not Adopted,10,2024,Low
4747,6,591,Research,5,2027,High
4748,4,591,Research,9,2028,Low
4749,3,591,Not Adopted,10,2024,Medium
4750,1,591,Not Adopted,5,2027,Low
4751,9,591,Pilot,9,2028,Low
4752,12,591,Pilot,3,2027,Low
4753,8,591,Research,7,2028,High
4754,2,591,Not Adopted,10,2024,High
4755,11,591,Not Adopted,3,2028,Low
4756,10,591,Adopted,3,2027,Medium
4757,1,592,Research,4,2025,Medium
4758,7,592,Pilot,9,2028,Low
4759,10,592,Research,4,2026,High
4760,2,592,Not Adopted,8,2024,Medium
4761,6,592,Adopted,5,2026,Low
4762,12,592,Pilot,3,2026,Medium
4763,5,592,Not Adopted,7,2024,High
4764,4,592,Research,6,2027,High
4765,8,592,Research,4,2028,Medium
4766,3,592,Pilot,5,2024,Medium
4767,11,592,Adopted,3,2027,Low
4768,9,592,Not Adopted,10,2025,Low
4769,2,593,Research,4,2027,Low
4770,9,593,Adopted,4,2025,High
4771,5,593,Research,5,2024,High
4772,12,593,Not Adopted,9,2028,Low
4773,7,593,Pilot,6,2026,High
4774,1,593,Adopted,5,2027,Medium
4775,4,593,Pilot,5,2024,High
4776,8,593,Not Adopted,10,2028,Medium
4777,5,594,Research,9,2028,Medium
4778,11,594,Research,4,2024,High
4779,2,594,Not Adopted,7,2027,High
4780,8,594,Adopted,10,2028,High
4781,7,594,Research,8,2024,Medium
4782,4,594,Pilot,9,2025,High
4783,1,594,Not Adopted,8,2026,Low
4784,9,594,Adopted,6,2026,Medium
4785,3,594,Research,7,2026,Low
4786,12,594,Adopted,8,2024,Medium
4787,6,594,Adopted,3,2028,Low
4788,9,595,Not Adopted,8,2028,Low
4789,8,595,Research,8,2024,Low
4790,4,595,Adopted,5,2027,High
4791,7,595,Not Adopted,5,2024,High
4792,2,595,Adopted,7,2024,High
4793,3,595,Adopted,5,2028,Medium
4794,1,595,Not Adopted,3,2024,Low
4795,11,595,Not Adopted,7,2025,Low
4796,12,595,Pilot,4,2028,High
4797,10,595,Not Adopted,7,2024,High
4798,5,595,Pilot,10,2025,Medium
4799,5,596,Pilot,4,2025,High
4800,10,596,Adopted,9,2028,Medium
4801,11,596,Not Adopted,5,2028,Low
4802,7,596,Not Adopted,10,2026,Medium
4803,8,597,Pilot,3,2026,Low
4804,9,597,Pilot,3,2026,High
4805,3,597,Adopted,8,2025,Low
4806,4,597,Pilot,4,2028,High
4807,7,597,Research,3,2024,Low
4808,6,597,Adopted,7,2027,Low
4809,5,598,Research,3,2026,High
4810,8,598,Adopted,7,2026,High
4811,1,598,Adopted,3,2024,Medium
4812,4,598,Adopted,4,2028,Low
4813,3,598,Not Adopted,3,2024,Medium
4814,9,598,Adopted,4,2026,Medium
4815,6,598,Pilot,3,2027,Medium
4816,12,598,Adopted,7,2026,High
4817,11,598,Research,5,2028,Medium
4818,2,598,Research,6,2028,Medium
4819,10,599,Research,7,2028,High
4820,4,599,Pilot,10,2025,Low
4821,6,599,Not Adopted,7,2027,Medium
4822,8,599,Research,3,2026,High
4823,7,599,Not Adopted,5,2026,Low
4824,12,599,Not Adopted,8,2024,Low
4825,5,599,Not Adopted,4,2025,Medium
4826,11,599,Adopted,3,2024,Low
4827,1,599,Pilot,9,2026,Medium
4828,3,599,Research,9,2028,Medium
4829,9,599,Not Adopted,5,2024,Medium
4830,5,600,Adopted,9,2028,Medium
4831,7,600,Research,3,2026,High
4832,12,600,Research,7,2026,Low
4833,1,600,Not Adopted,8,2027,Medium
4834,11,600,Pilot,3,2025,Low
4835,3,600,Not Adopted,4,2026,Medium
4836,5,601,Adopted,7,2024,Low
4837,1,601,Not Adopted,8,2026,Medium
4838,2,601,Pilot,7,2028,Medium
4839,8,601,Research,7,2025,Low
4840,11,601,Pilot,3,2026,Medium
4841,10,601,Not Adopted,10,2027,Low
4842,6,602,Adopted,8,2024,Medium
4843,3,602,Adopted,7,2024,Low
4844,1,602,Adopted,7,2026,Low
4845,11,602,Adopted,9,2026,Medium
4846,7,602,Research,3,2025,High
4847,11,603,Not Adopted,6,2024,High
4848,10,603,Not Adopted,7,2025,Medium
4849,7,603,Pilot,8,2026,High
4850,5,603,Pilot,8,2024,Low
4851,9,603,Adopted,6,2027,High
4852,2,604,Adopted,4,2027,Medium
4853,8,604,Adopted,9,2024,Low
4854,10,604,Pilot,5,2025,Medium
4855,11,604,Research,10,2027,High
4856,12,604,Research,4,2028,Low
4857,6,604,Adopted,5,2024,Medium
4858,7,604,Adopted,10,2027,Medium
4859,4,604,Not Adopted,4,2027,High
4860,5,604,Research,6,2024,High
4861,9,604,Research,8,2026,Medium
4862,1,604,Adopted,10,2028,Low
4863,3,604,Adopted,3,2024,Low
4864,7,605,Research,8,2026,High
4865,9,605,Pilot,6,2027,Medium
4866,8,605,Pilot,7,2028,Low
4867,6,605,Pilot,10,2025,High
4868,3,605,Not Adopted,8,2025,Low
4869,5,606,Pilot,4,2024,Low
4870,1,606,Not Adopted,10,2025,Medium
4871,9,606,Adopted,9,2028,Medium
4872,6,606,Adopted,5,2024,Medium
4873,8,606,Not Adopted,8,2026,High
4874,10,606,Pilot,7,2028,Medium
4875,12,606,Adopted,4,2025,Low
4876,11,606,Adopted,10,2028,Medium
4877,2,606,Research,8,2028,High
4878,7,606,Adopted,7,2025,Medium
4879,4,606,Not Adopted,7,2024,Low
4880,3,607,Research,10,2025,Medium
4881,7,607,Not Adopted,10,2028,High
4882,5,607,Not Adopted,6,2025,Medium
4883,12,607,Adopted,6,2027,Low
4884,8,607,Not Adopted,8,2028,Low
4885,2,607,Pilot,4,2024,Low
4886,1,607,Not Adopted,5,2028,Medium
4887,6,608,Research,8,2024,Low
4888,3,608,Adopted,3,2028,Medium
4889,10,608,Pilot,9,2025,High
4890,1,608,Pilot,9,2024,Medium
4891,5,608,Adopted,5,2024,Medium
4892,7,608,Research,10,2024,Medium
4893,4,608,Adopted,6,2025,Low
4894,8,608,Pilot,7,2026,Medium
4895,11,608,Not Adopted,3,2028,Medium
4896,12,608,Research,10,2026,High
4897,8,609,Not Adopted,4,2028,High
4898,3,609,Research,7,2025,Low
4899,9,609,Research,5,2027,Medium
4900,11,609,Research,3,2025,Low
4901,12,610,Adopted,6,2028,High
4902,4,610,Pilot,10,2026,Low
4903,2,610,Pilot,7,2027,Low
4904,7,610,Adopted,7,2027,Medium
4905,3,610,Research,8,2024,High
4906,8,610,Adopted,5,2026,Medium
4907,11,610,Not Adopted,4,2025,Medium
4908,6,610,Adopted,4,2027,Medium
4909,9,610,Pilot,6,2026,High
4910,1,610,Adopted,6,2025,Low
4911,8,611,Pilot,8,2025,High
4912,9,611,Pilot,9,2027,Medium
4913,10,611,Not Adopted,6,2027,High
4914,12,611,Adopted,10,2026,High
4915,2,611,Adopted,7,2028,Medium
4916,11,611,Not Adopted,5,2027,Medium
4917,4,611,Not Adopted,3,2025,Medium
4918,5,611,Not Adopted,9,2026,Low
4919,6,611,Pilot,6,2028,Low
4920,3,611,Not Adopted,9,2024,High
4921,7,611,Not Adopted,7,2024,High
4922,10,612,Pilot,10,2028,High
4923,8,612,Research,10,2026,Medium
4924,2,612,Not Adopted,4,2024,High
4925,3,612,Adopted,4,2024,High
4926,7,612,Pilot,4,2028,Medium
4927,9,613,Not Adopted,10,2024,High
4928,7,613,Adopted,9,2027,Low
4929,2,613,Pilot,3,2026,High
4930,5,613,Adopted,5,2026,Medium
4931,10,613,Pilot,5,2025,Medium
4932,3,613,Adopted,9,2024,Medium
4933,11,613,Research,7,2024,High
4934,4,613,Not Adopted,10,2028,Medium
4935,1,613,Not Adopted,8,2026,Low
4936,6,613,Adopted,8,2027,Medium
4937,12,613,Pilot,3,2025,High
4938,8,613,Not Adopted,6,2028,High
4939,2,614,Adopted,5,2024,High
4940,4,614,Not Adopted,9,2025,Low
4941,5,614,Adopted,4,2027,High
4942,1,614,Pilot,9,2027,Low
4943,9,614,Research,6,2028,Medium
4944,3,614,Research,4,2024,Low
4945,7,614,Research,10,2026,Medium
4946,11,614,Not Adopted,7,2027,Low
4947,2,615,Research,6,2027,High
4948,7,615,Pilot,8,2025,Low
4949,4,615,Adopted,5,2024,Medium
4950,11,615,Pilot,7,2024,Low
4951,8,615,Adopted,7,2026,High
4952,3,615,Not Adopted,7,2025,High
4953,5,615,Research,5,2024,High
4954,10,615,Not Adopted,8,2024,Low
4955,1,616,Adopted,3,2025,High
4956,8,616,Research,6,2027,High
4957,11,616,Pilot,7,2026,High
4958,12,616,Not Adopted,4,2025,High
4959,10,617,Research,9,2026,Medium
4960,12,617,Pilot,6,2026,High
4961,4,617,Pilot,4,2024,Medium
4962,8,617,Not Adopted,3,2028,Medium
4963,11,617,Research,9,2024,Medium
4964,7,617,Adopted,3,2025,High
4965,1,617,Not Adopted,7,2024,Low
4966,3,617,Adopted,10,2025,Medium
4967,9,617,Adopted,4,2026,Medium
4968,5,617,Pilot,7,2027,Low
4969,4,618,Research,8,2027,Medium
4970,5,618,Not Adopted,10,2027,Medium
4971,1,618,Adopted,6,2024,Low
4972,12,618,Research,8,2026,Medium
4973,2,618,Not Adopted,4,2027,Medium
4974,7,618,Adopted,6,2024,High
4975,6,618,Adopted,7,2027,Low
4976,10,619,Not Adopted,6,2028,Medium
4977,9,619,Research,7,2026,Medium
4978,5,619,Not Adopted,9,2026,Low
4979,12,619,Research,10,2025,Medium
4980,1,619,Adopted,7,2024,Medium
4981,7,619,Pilot,3,2026,High
4982,11,619,Adopted,4,2027,Low
4983,6,619,Research,3,2028,Low
4984,2,619,Not Adopted,9,2024,Low
4985,3,619,Not Adopted,10,2028,High
4986,8,620,Pilot,3,2024,Medium
4987,5,620,Not Adopted,4,2026,Medium
4988,6,620,Adopted,8,2026,High
4989,1,620,Adopted,6,2024,Medium
4990,2,620,Not Adopted,3,2026,Low
4991,9,620,Not Adopted,6,2026,High
4992,7,620,Pilot,9,2024,Medium
4993,3,621,Adopted,6,2024,Medium
4994,1,621,Adopted,4,2024,Medium
4995,9,621,Adopted,9,2026,High
4996,10,621,Adopted,5,2026,Low
4997,6,621,Not Adopted,5,2026,Low
4998,11,622,Research,6,2026,High
4999,7,622,Adopted,4,2028,Medium
5000,10,622,Research,9,2027,Medium
5001,2,622,Pilot,10,2024,Medium
5002,9,622,Adopted,7,2025,Medium
5003,8,622,Pilot,10,2025,Low
5004,12,622,Not Adopted,10,2027,High
5005,5,622,Adopted,4,2028,Medium
5006,1,622,Adopted,3,2026,Low
5007,3,622,Pilot,8,2027,Medium
5008,4,622,Adopted,5,2024,Medium
5009,6,622,Research,9,2025,High
5010,12,623,Pilot,7,2024,Medium
5011,3,623,Research,5,2026,Medium
5012,4,623,Adopted,10,2028,High
5013,5,623,Pilot,5,2028,High
5014,1,623,Pilot,9,2025,High
5015,6,623,Pilot,5,2026,Medium
5016,11,623,Adopted,4,2024,Low
5017,8,623,Adopted,5,2024,Medium
5018,7,624,Research,9,2024,High
5019,5,624,Adopted,8,2026,High
5020,12,624,Research,6,2025,Low
5021,3,624,Not Adopted,8,2026,High
5022,11,624,Adopted,4,2024,High
5023,4,625,Pilot,4,2027,Low
5024,2,625,Pilot,9,2024,High
5025,1,625,Research,4,2024,Low
5026,7,625,Adopted,7,2026,Medium
5027,8,625,Research,6,2025,High
5028,5,625,Adopted,3,2028,High
5029,6,625,Adopted,10,2027,Medium
5030,3,626,Pilot,3,2028,Medium
5031,5,626,Research,7,2025,Low
5032,12,626,Pilot,10,2027,High
5033,8,626,Research,6,2026,Medium
5034,10,626,Pilot,6,2028,Low
5035,11,626,Research,9,2025,Medium
5036,2,626,Pilot,9,2024,Medium
5037,7,626,Research,7,2028,High
5038,6,626,Pilot,9,2025,High
5039,4,627,Adopted,4,2028,High
5040,1,627,Adopted,8,2028,High
5041,7,627,Adopted,5,2025,Medium
5042,3,627,Research,3,2028,Low
5043,12,627,Not Adopted,3,2027,Medium
5044,5,628,Not Adopted,6,2024,High
5045,4,628,Pilot,9,2028,High
5046,6,628,Adopted,9,2028,Medium
5047,2,628,Pilot,9,2027,High
5048,6,629,Not Adopted,8,2027,High
5049,4,629,Research,7,2028,Medium
5050,2,629,Research,4,2028,Medium
5051,8,629,Pilot,4,2028,Medium
5052,12,629,Research,9,2025,Medium
5053,3,629,Not Adopted,8,2024,Low
5054,1,629,Pilot,9,2025,Low
5055,11,629,Research,9,2026,High
5056,5,629,Adopted,6,2028,High
5057,10,629,Research,10,2025,High
5058,1,630,Pilot,7,2028,Low
5059,4,630,Adopted,3,2028,Medium
5060,7,630,Adopted,6,2027,Low
5061,5,630,Pilot,5,2028,High
5062,9,630,Research,7,2025,Medium
5063,12,630,Pilot,6,2027,Low
5064,8,630,Pilot,6,2026,High
5065,10,630,Not Adopted,3,2025,Medium
5066,3,630,Not Adopted,7,2024,Low
5067,3,631,Adopted,8,2025,Medium
5068,6,631,Pilot,9,2027,High
5069,2,631,Adopted,10,2027,High
5070,12,631,Pilot,3,2025,High
5071,5,631,Research,3,2027,Medium
5072,7,631,Adopted,6,2028,Low
5073,3,632,Adopted,5,2028,Medium
5074,8,632,Research,10,2026,Medium
5075,10,632,Pilot,9,2026,High
5076,12,632,Pilot,10,2026,High
5077,9,632,Not Adopted,7,2024,Low
5078,4,632,Adopted,9,2026,Medium
5079,11,632,Research,8,2024,High
5080,10,633,Not Adopted,4,2025,Low
5081,9,633,Research,6,2027,Low
5082,1,633,Not Adopted,10,2026,Low
5083,11,633,Research,3,2024,High
5084,2,633,Adopted,10,2028,Low
5085,4,633,Pilot,4,2025,High
5086,6,633,Pilot,8,2024,Medium
5087,7,633,Pilot,5,2028,High
5088,3,633,Research,7,2025,High
5089,12,633,Adopted,9,2027,Low
5090,5,633,Adopted,9,2025,Low
5091,8,633,Adopted,9,2026,Medium
5092,12,634,Adopted,8,2025,High
5093,2,634,Pilot,6,2025,Medium
5094,5,634,Adopted,3,2024,Low
5095,7,634,Not Adopted,8,2025,Medium
5096,3,634,Research,7,2025,High
5097,4,634,Adopted,3,2026,Low
5098,8,634,Not Adopted,5,2024,High
5099,3,635,Research,9,2028,High
5100,11,635,Adopted,8,2025,High
5101,4,635,Not Adopted,5,2028,Medium
5102,8,635,Pilot,9,2026,Medium
5103,9,635,Adopted,4,2024,Low
5104,2,635,Not Adopted,5,2025,High
5105,7,635,Research,6,2027,High
5106,10,635,Research,4,2024,Low
5107,5,635,Not Adopted,6,2025,Medium
5108,3,636,Adopted,7,2025,High
5109,5,636,Research,8,2025,Low
5110,2,636,Research,9,2024,Medium
5111,6,636,Research,6,2028,High
5112,9,636,Pilot,5,2028,Low
5113,8,636,Pilot,3,2028,High
5114,1,636,Not Adopted,8,2025,High
5115,11,636,Adopted,5,2024,Low
5116,7,636,Adopted,3,2024,High
5117,10,636,Adopted,5,2028,Medium
5118,4,636,Research,4,2025,Medium
5119,12,636,Research,4,2024,Low
5120,2,637,Pilot,10,2026,Low
5121,12,637,Pilot,8,2024,High
5122,7,637,Research,7,2027,High
5123,5,637,Research,8,2028,Medium
5124,7,638,Research,5,2026,Low
5125,4,638,Pilot,8,2026,Low
5126,3,638,Adopted,5,2025,Medium
5127,8,638,Research,9,2026,Low
5128,9,638,Pilot,6,2025,Medium
5129,10,638,Pilot,9,2028,High
5130,2,639,Pilot,5,2028,High
5131,7,639,Research,10,2025,Low
5132,5,639,Not Adopted,5,2026,Medium
5133,6,639,Pilot,4,2028,Low
5134,8,639,Research,3,2024,Low
5135,5,640,Not Adopted,10,2025,Medium
5136,4,640,Adopted,8,2028,High
5137,9,640,Research,4,2027,High
5138,3,640,Adopted,4,2024,Low
5139,12,640,Research,7,2027,High
5140,1,640,Research,7,2026,High
5141,10,640,Pilot,8,2025,Low
5142,7,640,Not Adopted,6,2028,Low
5143,6,640,Pilot,7,2025,High
5144,2,640,Pilot,4,2026,Low
5145,8,640,Adopted,7,2025,Low
5146,11,640,Adopted,10,2028,Low
5147,3,641,Not Adopted,3,2027,Medium
5148,9,641,Research,6,2026,Medium
5149,7,641,Research,10,2027,Medium
5150,4,641,Not Adopted,5,2026,High
5151,12,641,Adopted,6,2025,High
5152,8,641,Research,9,2028,High
5153,1,641,Adopted,4,2028,High
5154,9,642,Not Adopted,4,2027,High
5155,11,642,Research,3,2025,High
5156,5,642,Not Adopted,6,2028,Low
5157,10,642,Adopted,3,2027,Low
5158,8,642,Adopted,3,2027,High
5159,7,642,Not Adopted,7,2025,High
5160,2,642,Research,5,2026,Low
5161,6,642,Pilot,7,2024,High
5162,4,642,Adopted,5,2025,High
5163,1,642,Adopted,8,2025,High
5164,6,643,Adopted,8,2024,High
5165,5,643,Pilot,5,2024,Low
5166,1,643,Not Adopted,7,2024,Low
5167,7,643,Not Adopted,9,2027,Medium
5168,9,643,Pilot,4,2025,Medium
5169,6,644,Pilot,9,2026,Low
5170,4,644,Pilot,10,2028,Low
5171,8,644,Pilot,8,2025,Medium
5172,12,644,Not Adopted,3,2025,High
5173,2,644,Not Adopted,8,2028,Medium
5174,3,645,Not Adopted,4,2026,Medium
5175,7,645,Pilot,9,2027,Low
5176,4,645,Not Adopted,8,2028,High
5177,5,645,Pilot,7,2026,Low
5178,2,645,Adopted,3,2026,Low
5179,3,646,Adopted,4,2026,High
5180,4,646,Pilot,7,2026,Medium
5181,6,646,Not Adopted,4,2025,Low
5182,12,646,Not Adopted,6,2026,High
5183,2,646,Research,10,2025,High
5184,9,646,Research,4,2027,Medium
5185,10,646,Adopted,5,2027,Medium
5186,1,646,Not Adopted,10,2028,Low
5187,7,646,Research,7,2025,Medium
5188,8,646,Research,6,2024,High
5189,6,647,Not Adopted,4,2025,Low
5190,5,647,Pilot,8,2024,Medium
5191,10,647,Pilot,8,2025,Low
5192,4,647,Not Adopted,10,2025,Medium
5193,9,648,Adopted,10,2026,Medium
5194,1,648,Pilot,7,2025,High
5195,2,648,Not Adopted,6,2026,Medium
5196,11,648,Research,6,2025,High
5197,5,648,Not Adopted,8,2026,High
5198,10,649,Not Adopted,7,2027,Low
5199,6,649,Adopted,9,2025,High
5200,5,649,Pilot,4,2027,Medium
5201,12,649,Pilot,5,2025,Low
5202,9,649,Not Adopted,5,2024,High
5203,3,649,Adopted,8,2024,Medium
5204,12,650,Pilot,10,2027,Medium
5205,11,650,Pilot,4,2026,Medium
5206,8,650,Not Adopted,3,2024,Medium
5207,6,650,Pilot,3,2027,Low
5208,10,650,Not Adopted,4,2025,High
5209,4,650,Not Adopted,5,2027,High
5210,5,650,Not Adopted,5,2027,Low
5211,9,650,Pilot,9,2028,High
5212,2,650,Adopted,5,2024,Low
5213,3,650,Research,3,2028,Medium
5214,1,650,Pilot,4,2024,Medium
5215,7,651,Research,9,2024,High
5216,8,651,Research,9,2028,Medium
5217,5,651,Adopted,9,2028,Medium
5218,2,651,Pilot,5,2024,Medium
5219,11,651,Research,3,2024,Low
5220,1,651,Adopted,4,2027,Medium
5221,9,651,Pilot,8,2027,Medium
5222,12,651,Research,5,2024,Low
5223,4,652,Research,7,2028,Low
5224,1,652,Research,7,2025,Medium
5225,5,652,Adopted,10,2026,Medium
5226,3,652,Adopted,6,2027,High
5227,11,652,Pilot,3,2025,High
5228,12,652,Not Adopted,5,2024,Medium
5229,9,652,Not Adopted,8,2028,High
5230,2,652,Not Adopted,8,2024,High
5231,12,653,Adopted,8,2026,High
5232,2,653,Pilot,6,2028,Medium
5233,5,653,Not Adopted,5,2025,Low
5234,3,653,Pilot,10,2026,High
5235,9,653,Not Adopted,6,2026,Medium
5236,11,653,Research,7,2025,Medium
5237,8,653,Research,7,2026,Low
5238,4,653,Pilot,9,2027,Low
5239,10,653,Adopted,8,2024,Low
5240,1,654,Pilot,6,2025,Medium
5241,9,654,Research,9,2028,Low
5242,4,654,Research,3,2025,Low
5243,11,654,Adopted,8,2028,Medium
5244,3,654,Not Adopted,7,2026,Low
5245,2,654,Pilot,6,2027,High
5246,8,654,Research,5,2024,Medium
5247,5,654,Adopted,7,2024,Medium
5248,6,654,Research,8,2028,Medium
5249,7,654,Research,5,2025,Low
5250,10,654,Not Adopted,4,2025,Low
5251,9,655,Pilot,7,2027,Medium
5252,8,655,Not Adopted,8,2027,Medium
5253,10,655,Adopted,3,2024,High
5254,11,655,Not Adopted,8,2024,Medium
5255,12,655,Adopted,6,2025,High
5256,3,655,Adopted,5,2026,Low
5257,4,655,Research,7,2027,Medium
5258,7,655,Adopted,8,2025,High
5259,2,655,Pilot,6,2026,Low
5260,5,655,Adopted,10,2025,Low
5261,6,655,Research,3,2024,High
5262,6,656,Adopted,8,2025,Low
5263,11,656,Pilot,4,2028,Low
5264,5,656,Pilot,6,2027,Low
5265,9,656,Pilot,4,2026,High
5266,8,657,Research,9,2025,High
5267,4,657,Research,5,2028,High
5268,3,657,Pilot,5,2027,Low
5269,1,657,Not Adopted,10,2025,High
5270,9,657,Pilot,5,2028,Low
5271,6,657,Pilot,9,2026,Low
5272,11,657,Adopted,5,2024,Medium
5273,10,657,Pilot,8,2027,Medium
5274,2,657,Pilot,8,2027,Low
5275,7,657,Research,3,2027,Medium
5276,8,658,Not Adopted,8,2026,High
5277,10,658,Research,5,2024,Medium
5278,4,658,Pilot,5,2024,High
5279,7,658,Adopted,7,2025,Medium
5280,1,658,Adopted,6,2026,Medium
5281,12,658,Pilot,10,2026,High
5282,9,658,Pilot,9,2024,High
5283,5,659,Pilot,3,2026,Low
5284,1,659,Research,3,2026,High
5285,8,659,Not Adopted,10,2027,Low
5286,3,659,Research,9,2024,Low
5287,3,660,Research,8,2024,Medium
5288,12,660,Pilot,9,2024,Medium
5289,4,660,Pilot,6,2024,Medium
5290,1,660,Research,6,2024,Low
5291,11,660,Adopted,5,2025,Medium
5292,7,661,Adopted,9,2027,Medium
5293,3,661,Research,9,2024,Low
5294,11,661,Research,10,2025,Medium
5295,6,661,Adopted,6,2028,Medium
5296,8,662,Not Adopted,10,2028,Medium
5297,1,662,Adopted,10,2027,Medium
5298,3,662,Not Adopted,8,2025,Medium
5299,5,662,Pilot,6,2024,Low
5300,10,662,Research,3,2028,High
5301,4,662,Not Adopted,5,2024,High
5302,6,662,Pilot,5,2026,Low
5303,2,662,Research,5,2024,Medium
5304,9,662,Research,6,2024,Low
5305,4,663,Adopted,9,2028,Medium
5306,10,663,Research,10,2024,Medium
5307,5,663,Not Adopted,3,2027,High
5308,6,663,Not Adopted,5,2028,Low
5309,9,663,Research,8,2026,Medium
5310,7,663,Pilot,9,2024,High
5311,1,663,Adopted,7,2026,High
5312,2,664,Not Adopted,6,2026,Low
5313,9,664,Pilot,6,2028,High
5314,6,664,Not Adopted,8,2025,High
5315,7,664,Pilot,10,2025,Medium
5316,5,664,Pilot,8,2024,High
5317,10,664,Not Adopted,5,2024,Medium
5318,4,664,Pilot,7,2027,Low
5319,3,664,Pilot,7,2028,Medium
5320,11,664,Research,3,2025,High
5321,10,665,Pilot,4,2026,Low
5322,4,665,Not Adopted,3,2028,Medium
5323,7,665,Adopted,9,2025,Low
5324,11,665,Adopted,10,2027,High
5325,11,666,Not Adopted,9,2027,High
5326,2,666,Adopted,10,2026,Low
5327,5,666,Adopted,10,2024,Medium
5328,12,666,Adopted,6,2025,Medium
5329,4,666,Pilot,3,2028,High
5330,8,666,Pilot,9,2027,High
5331,8,667,Adopted,5,2025,High
5332,3,667,Adopted,4,2028,Medium
5333,2,667,Adopted,6,2024,Medium
5334,12,667,Pilot,5,2027,Medium
5335,9,667,Research,10,2025,Low
5336,11,667,Adopted,4,2028,High
5337,7,667,Pilot,10,2024,High
5338,4,667,Not Adopted,9,2028,Medium
5339,6,667,Adopted,9,2028,Medium
5340,5,667,Pilot,8,2026,Medium
5341,1,667,Pilot,7,2025,Medium
5342,2,668,Pilot,8,2025,Medium
5343,10,668,Adopted,5,2025,Low
5344,9,668,Research,9,2026,Low
5345,6,668,Pilot,7,2024,Low
5346,7,668,Adopted,3,2025,Medium
5347,5,668,Not Adopted,8,2028,High
5348,11,668,Research,3,2027,Low
5349,1,668,Research,7,2027,High
5350,8,668,Research,6,2025,High
5351,4,668,Adopted,3,2025,High
5352,12,668,Research,3,2028,High
5353,3,668,Adopted,9,2025,Medium
5354,1,669,Adopted,4,2026,Low
5355,12,669,Adopted,10,2028,Low
5356,4,669,Research,4,2027,High
5357,7,669,Adopted,3,2026,Medium
5358,2,669,Not Adopted,10,2027,Low
5359,9,669,Adopted,9,2024,High
5360,7,670,Research,8,2028,Medium
5361,10,670,Research,5,2028,High
5362,3,670,Research,7,2024,Medium
5363,12,670,Adopted,3,2027,Low
5364,5,671,Research,8,2028,Low
5365,2,671,Not Adopted,6,2025,Medium
5366,11,671,Adopted,9,2027,Low
5367,9,671,Adopted,6,2024,Medium
5368,8,671,Adopted,6,2024,High
5369,3,671,Pilot,9,2027,Low
5370,12,671,Not Adopted,6,2027,High
5371,10,671,Pilot,10,2026,High
5372,1,671,Adopted,8,2028,High
5373,6,671,Pilot,8,2024,Medium
5374,12,672,Research,3,2024,High
5375,8,672,Pilot,6,2024,High
5376,6,672,Pilot,6,2025,High
5377,3,672,Adopted,9,2026,High
5378,5,672,Pilot,3,2024,Medium
5379,9,672,Pilot,10,2025,High
5380,11,672,Adopted,10,2024,Medium
5381,10,672,Adopted,6,2027,High
5382,7,672,Adopted,9,2024,Low
5383,4,672,Not Adopted,8,2028,Medium
5384,9,673,Research,8,2025,High
5385,3,673,Research,10,2028,High
5386,5,673,Research,6,2024,Medium
5387,8,673,Not Adopted,9,2027,High
5388,2,673,Research,10,2027,Medium
5389,12,673,Research,6,2026,Low
5390,1,674,Not Adopted,10,2026,Medium
5391,4,674,Pilot,6,2024,Medium
5392,9,674,Adopted,9,2024,Medium
5393,3,674,Research,8,2028,High
5394,6,674,Pilot,4,2024,Low
5395,2,674,Not Adopted,9,2025,Medium
5396,7,674,Not Adopted,10,2024,High
5397,11,674,Not Adopted,8,2028,Medium
5398,3,675,Research,4,2027,Medium
5399,10,675,Pilot,6,2025,High
5400,1,675,Research,5,2028,Medium
5401,9,675,Pilot,9,2024,Medium
5402,2,675,Research,7,2025,Medium
5403,7,675,Adopted,3,2027,Medium
5404,12,675,Pilot,9,2025,High
5405,4,675,Pilot,4,2026,Low
5406,1,676,Pilot,9,2026,Medium
5407,4,676,Research,4,2028,High
5408,6,676,Adopted,5,2028,Medium
5409,7,676,Not Adopted,6,2025,High
5410,8,676,Research,10,2026,Medium
5411,2,676,Research,5,2024,Medium
5412,9,676,Not Adopted,5,2028,Medium
5413,11,676,Pilot,8,2024,Medium
5414,5,677,Pilot,8,2026,Medium
5415,8,677,Pilot,10,2024,Medium
5416,9,677,Research,4,2024,Low
5417,3,677,Research,4,2024,Medium
5418,7,677,Research,9,2028,High
5419,11,677,Research,6,2027,High
5420,10,677,Not Adopted,9,2024,Medium
5421,12,677,Research,4,2026,Low
5422,2,677,Not Adopted,8,2027,Low
5423,6,677,Pilot,5,2026,High
5424,4,677,Adopted,6,2026,Low
5425,1,677,Pilot,5,2024,Medium
5426,10,678,Research,8,2025,Low
5427,11,678,Pilot,3,2027,Medium
5428,3,678,Research,6,2024,Medium
5429,4,678,Adopted,3,2024,Low
5430,5,678,Not Adopted,10,2027,Low
5431,9,678,Research,6,2024,Low
5432,12,678,Adopted,6,2025,Low
5433,8,678,Research,10,2027,High
5434,6,678,Pilot,6,2028,High
5435,7,678,Research,8,2027,High
5436,9,679,Adopted,4,2028,Low
5437,7,679,Research,5,2025,Low
5438,1,679,Pilot,6,2024,Medium
5439,10,679,Adopted,8,2024,Low
5440,8,679,Pilot,5,2026,Medium
5441,11,679,Pilot,7,2024,High
5442,2,679,Not Adopted,7,2025,High
5443,5,679,Adopted,7,2028,Medium
5444,4,679,Adopted,9,2027,Medium
5445,3,679,Research,9,2024,Low
5446,6,679,Pilot,3,2027,Low
5447,12,679,Pilot,3,2027,Low
5448,9,680,Pilot,4,2028,High
5449,11,680,Pilot,5,2026,Medium
5450,6,680,Adopted,8,2028,Low
5451,8,680,Adopted,8,2024,High
5452,3,680,Pilot,4,2026,High
5453,12,680,Not Adopted,9,2025,Low
5454,9,681,Research,8,2024,Medium
5455,2,681,Not Adopted,6,2026,High
5456,3,681,Research,9,2024,High
5457,8,681,Research,7,2024,High
5458,10,681,Not Adopted,4,2024,Medium
5459,11,681,Pilot,10,2027,High
5460,4,681,Not Adopted,6,2027,Low
5461,5,681,Pilot,6,2024,Medium
5462,7,681,Pilot,10,2027,High
5463,12,681,Adopted,4,2028,Medium
5464,7,682,Not Adopted,6,2024,Medium
5465,10,682,Research,6,2028,Low
5466,6,682,Adopted,10,2027,Low
5467,11,682,Adopted,8,2027,High
5468,5,682,Research,4,2026,Medium
5469,1,682,Pilot,3,2027,High
5470,3,682,Research,6,2025,High
5471,4,682,Adopted,6,2025,High
5472,2,682,Adopted,4,2024,High
5473,8,682,Adopted,3,2026,Medium
5474,9,682,Not Adopted,6,2025,Medium
5475,9,683,Adopted,3,2028,High
5476,5,683,Not Adopted,4,2025,High
5477,4,683,Research,3,2025,High
5478,6,683,Pilot,4,2025,Low
5479,7,683,Research,7,2027,Low
5480,8,683,Adopted,6,2026,High
5481,12,683,Research,6,2028,Medium
5482,12,684,Pilot,7,2028,High
5483,7,684,Pilot,10,2025,Medium
5484,11,684,Research,4,2027,High
5485,9,684,Pilot,8,2024,High
5486,9,685,Pilot,6,2026,Medium
5487,12,685,Pilot,7,2026,High
5488,8,685,Not Adopted,9,2026,High
5489,10,685,Pilot,6,2024,High
5490,5,685,Adopted,4,2028,Medium
5491,7,685,Not Adopted,5,2024,Low
5492,3,685,Pilot,9,2027,Medium
5493,6,685,Not Adopted,6,2028,Medium
5494,1,685,Adopted,8,2027,Medium
5495,11,685,Research,9,2026,High
5496,4,685,Not Adopted,6,2028,Low
5497,2,685,Not Adopted,6,2027,High
5498,1,686,Pilot,9,2028,Low
5499,2,686,Adopted,8,2028,Medium
5500,12,686,Pilot,3,2024,Low
5501,7,686,Adopted,4,2025,High
5502,10,687,Adopted,3,2024,Low
5503,12,687,Not Adopted,4,2027,High
5504,2,687,Research,4,2028,Low
5505,11,687,Adopted,6,2028,High
5506,7,687,Adopted,9,2027,Medium
5507,6,687,Pilot,9,2025,High
5508,1,687,Not Adopted,9,2027,Medium
5509,8,687,Not Adopted,5,2024,Medium
5510,9,687,Not Adopted,9,2025,High
5511,5,687,Pilot,3,2028,High
5512,1,688,Research,9,2028,High
5513,2,688,Research,10,2024,High
5514,4,688,Research,6,2027,Low
5515,8,688,Not Adopted,10,2027,Low
5516,12,688,Not Adopted,9,2027,High
5517,1,689,Pilot,5,2028,Low
5518,9,689,Research,3,2025,Low
5519,12,689,Pilot,10,2027,Medium
5520,2,689,Research,3,2024,High
5521,4,689,Not Adopted,4,2027,Medium
5522,10,689,Not Adopted,4,2024,Medium
5523,8,689,Pilot,10,2028,Medium
5524,11,689,Not Adopted,10,2026,Medium
5525,5,689,Adopted,3,2027,High
5526,6,689,Research,5,2027,Low
5527,3,689,Adopted,10,2024,Medium
5528,2,690,Not Adopted,5,2024,Low
5529,8,690,Research,7,2027,High
5530,3,690,Pilot,6,2028,Low
5531,5,690,Adopted,6,2027,High
5532,12,690,Adopted,9,2028,Low
5533,2,691,Adopted,4,2024,Medium
5534,12,691,Adopted,8,2027,Low
5535,8,691,Research,8,2026,Medium
5536,10,691,Adopted,10,2028,Low
5537,5,691,Pilot,10,2026,Medium
5538,6,691,Adopted,10,2025,Low
5539,3,691,Research,5,2026,High
5540,9,691,Not Adopted,5,2025,High
5541,1,691,Adopted,8,2027,High
5542,11,691,Not Adopted,4,2025,Medium
5543,7,691,Research,7,2025,Low
5544,9,692,Pilot,8,2027,High
5545,5,692,Not Adopted,10,2026,High
5546,6,692,Not Adopted,6,2027,Medium
5547,7,692,Adopted,5,2026,Low
5548,1,692,Research,5,2028,Medium
5549,10,692,Not Adopted,9,2025,Low
5550,8,692,Research,9,2024,High
5551,3,692,Pilot,9,2026,Medium
5552,11,692,Adopted,7,2026,Medium
5553,2,692,Not Adopted,3,2028,Low
5554,12,693,Adopted,10,2028,Medium
5555,3,693,Adopted,8,2025,Low
5556,4,693,Research,3,2025,Low
5557,1,693,Research,6,2025,High
5558,2,693,Adopted,3,2026,Low
5559,6,693,Not Adopted,5,2028,High
5560,5,693,Research,5,2027,High
5561,11,693,Research,5,2025,Medium
5562,9,693,Not Adopted,8,2024,Low
5563,10,693,Adopted,8,2025,Medium
5564,7,693,Research,6,2027,High
5565,8,693,Adopted,3,2024,Medium
5566,4,694,Pilot,10,2026,Low
5567,6,694,Pilot,6,2028,High
5568,10,694,Adopted,10,2027,Medium
5569,8,694,Research,8,2024,Medium
5570,3,695,Research,9,2024,Low
5571,8,695,Not Adopted,5,2026,Medium
5572,4,695,Not Adopted,7,2024,Low
5573,11,695,Not Adopted,3,2027,Medium
5574,9,695,Research,8,2026,High
5575,6,695,Research,5,2024,High
5576,3,696,Pilot,9,2027,Medium
5577,4,696,Adopted,8,2025,High
5578,2,696,Pilot,7,2027,Low
5579,8,696,Not Adopted,8,2025,High
5580,12,696,Adopted,4,2025,High
5581,6,696,Not Adopted,8,2025,Medium
5582,11,696,Pilot,7,2028,Low
5583,9,696,Not Adopted,10,2025,High
5584,1,697,Pilot,7,2028,Medium
5585,7,697,Research,3,2024,Low
5586,12,697,Pilot,5,2028,Medium
5587,4,697,Adopted,3,2024,Medium
5588,2,697,Not Adopted,5,2027,Medium
5589,6,697,Not Adopted,6,2024,Medium
5590,9,697,Research,10,2026,Medium
5591,11,697,Adopted,4,2025,Low
5592,7,698,Not Adopted,9,2028,Low
5593,2,698,Pilot,5,2028,Low
5594,8,698,Pilot,4,2027,Low
5595,10,698,Not Adopted,4,2026,Low
5596,3,698,Adopted,5,2027,Low
5597,11,698,Not Adopted,4,2028,Low
5598,9,698,Not Adopted,9,2027,Low
5599,1,698,Research,4,2026,Low
5600,5,698,Adopted,7,2028,Medium
5601,12,698,Pilot,3,2025,High
5602,6,698,Adopted,10,2026,Low
5603,4,698,Adopted,5,2027,Low
5604,8,699,Pilot,8,2026,Medium
5605,10,699,Pilot,8,2025,Medium
5606,6,699,Adopted,3,2027,High
5607,2,699,Not Adopted,6,2026,Medium
5608,12,699,Adopted,3,2028,Medium
5609,5,699,Adopted,3,2025,High
5610,3,699,Adopted,5,2026,Medium
5611,9,699,Not Adopted,9,2026,High
5612,11,699,Pilot,10,2024,High
5613,4,699,Adopted,10,2026,Low
5614,2,700,Pilot,7,2024,Medium
5615,11,700,Adopted,6,2028,High
5616,8,700,Pilot,9,2026,High
5617,1,700,Not Adopted,6,2024,Medium
5618,9,700,Adopted,5,2025,Low
5619,5,700,Not Adopted,6,2025,Low
5620,4,700,Pilot,3,2027,Low
5621,7,700,Not Adopted,10,2025,High
5622,10,700,Research,4,2024,Medium
5623,12,701,Pilot,6,2027,High
5624,4,701,Adopted,4,2028,Low
5625,3,701,Adopted,6,2026,Medium
5626,1,701,Pilot,9,2025,Medium
5627,10,701,Pilot,8,2028,Low
5628,11,701,Research,4,2025,High
5629,5,702,Pilot,6,2024,Medium
5630,10,702,Adopted,6,2025,Medium
5631,1,702,Research,4,2024,High
5632,12,702,Adopted,9,2026,Low
5633,6,703,Adopted,5,2024,Medium
5634,2,703,Pilot,7,2027,High
5635,8,703,Research,8,2025,High
5636,5,703,Not Adopted,3,2026,Low
5637,11,703,Pilot,3,2026,High
5638,5,704,Pilot,3,2026,High
5639,7,704,Pilot,10,2028,Medium
5640,8,704,Research,10,2025,Medium
5641,1,704,Adopted,8,2027,Medium
5642,12,704,Adopted,7,2024,Medium
5643,3,704,Adopted,5,2025,Low
5644,9,704,Adopted,10,2028,Low
5645,11,704,Adopted,10,2025,Medium
5646,2,704,Adopted,9,2028,Low
5647,12,705,Pilot,7,2027,Low
5648,5,705,Research,4,2024,Low
5649,1,705,Adopted,8,2027,Medium
5650,2,705,Research,8,2024,Medium
5651,11,705,Not Adopted,6,2026,Medium
5652,1,706,Adopted,8,2025,Low
5653,12,706,Not Adopted,3,2024,Low
5654,8,706,Research,9,2027,High
5655,3,706,Adopted,5,2026,Low
5656,5,707,Not Adopted,3,2024,High
5657,11,707,Not Adopted,3,2024,Low
5658,3,707,Adopted,4,2026,High
5659,10,707,Adopted,3,2026,Low
5660,4,707,Pilot,4,2028,Low
5661,2,707,Pilot,9,2027,High
5662,5,708,Pilot,3,2025,Medium
5663,4,708,Pilot,3,2028,Medium
5664,2,708,Not Adopted,10,2025,Medium
5665,6,708,Research,4,2028,High
5666,11,708,Pilot,5,2028,High
5667,10,708,Adopted,7,2028,High
5668,8,709,Not Adopted,10,2024,Low
5669,10,709,Research,3,2028,Low
5670,4,709,Adopted,8,2026,Medium
5671,11,709,Not Adopted,4,2026,Medium
5672,1,710,Pilot,4,2026,Low
5673,10,710,Adopted,9,2028,Medium
5674,6,710,Adopted,8,2024,High
5675,12,710,Research,3,2025,High
5676,11,710,Pilot,8,2025,Medium
5677,5,710,Adopted,7,2027,Medium
5678,7,710,Pilot,8,2026,High
5679,10,711,Pilot,10,2024,Medium
5680,9,711,Adopted,6,2025,Low
5681,2,711,Adopted,6,2028,Low
5682,5,711,Pilot,3,2024,High
5683,3,711,Research,9,2028,Medium
5684,12,711,Adopted,6,2025,Low
5685,8,711,Pilot,5,2024,Medium
5686,6,711,Adopted,6,2026,High
5687,2,712,Adopted,7,2024,Medium
5688,5,712,Adopted,5,2025,Medium
5689,6,712,Not Adopted,10,2027,High
5690,9,712,Adopted,3,2024,Medium
5691,4,712,Pilot,5,2027,High
5692,8,712,Research,4,2028,Medium
5693,7,712,Research,3,2024,Medium
5694,11,712,Adopted,3,2028,Low
5695,2,713,Pilot,10,2028,Low
5696,12,713,Research,10,2024,Medium
5697,8,713,Adopted,10,2026,Low
5698,5,713,Not Adopted,4,2024,Medium
5699,2,714,Pilot,10,2025,Low
5700,11,714,Research,9,2025,High
5701,3,714,Adopted,10,2027,High
5702,7,714,Adopted,9,2027,High
5703,6,714,Research,8,2028,High
5704,12,714,Adopted,7,2024,Medium
5705,8,714,Pilot,4,2027,Low
5706,11,715,Adopted,3,2028,Low
5707,4,715,Not Adopted,9,2027,High
5708,12,715,Adopted,8,2025,Low
5709,10,715,Adopted,3,2024,Low
5710,5,715,Not Adopted,7,2025,High
5711,2,715,Not Adopted,10,2024,High
5712,7,715,Not Adopted,6,2028,High
5713,4,716,Adopted,7,2028,Medium
5714,10,716,Adopted,9,2027,Low
5715,3,716,Not Adopted,6,2024,Medium
5716,8,716,Pilot,9,2028,High
5717,6,716,Adopted,4,2026,High
5718,2,716,Pilot,10,2028,Low
5719,11,716,Pilot,6,2028,Medium
5720,5,716,Research,5,2028,High
5721,9,716,Research,7,2027,Low
5722,7,716,Not Adopted,4,2028,High
5723,11,717,Adopted,9,2025,High
5724,1,717,Pilot,4,2026,Low
5725,10,717,Research,7,2026,High
5726,7,717,Not Adopted,8,2026,Medium
5727,1,718,Pilot,8,2024,High
5728,9,718,Not Adopted,6,2024,Medium
5729,8,718,Adopted,10,2025,Low
5730,12,718,Not Adopted,7,2026,Medium
5731,3,718,Adopted,10,2028,Low
5732,5,718,Pilot,5,2024,Medium
5733,2,718,Not Adopted,9,2026,Low
5734,6,718,Adopted,8,2024,High
5735,7,718,Adopted,8,2028,Low
5736,4,718,Not Adopted,6,2028,Medium
5737,11,718,Pilot,6,2026,High
5738,7,719,Not Adopted,5,2028,High
5739,10,719,Research,5,2027,Low
5740,4,719,Not Adopted,7,2025,Medium
5741,9,719,Adopted,6,2027,High
5742,2,719,Pilot,6,2026,Low
5743,1,719,Adopted,5,2028,High
5744,12,719,Not Adopted,8,2028,Low
5745,4,720,Pilot,3,2027,Low
5746,2,720,Research,3,2028,Medium
5747,12,720,Research,10,2025,Low
5748,1,720,Research,8,2025,Low
5749,11,720,Pilot,7,2025,Low
5750,3,720,Pilot,8,2024,Medium
5751,6,720,Pilot,4,2026,High
5752,8,720,Research,8,2026,High
5753,9,720,Adopted,9,2027,Medium
5754,3,721,Research,9,2027,Medium
5755,6,721,Pilot,6,2026,Medium
5756,7,721,Pilot,4,2028,Low
5757,2,721,Research,4,2024,Low
5758,1,721,Pilot,7,2028,Low
5759,11,721,Research,8,2024,High
5760,4,721,Pilot,3,2025,Low
5761,12,721,Research,7,2025,Medium
5762,10,722,Research,7,2027,Low
5763,7,722,Pilot,4,2024,Low
5764,9,722,Adopted,3,2027,Medium
5765,8,722,Pilot,7,2026,Low
5766,1,722,Research,8,2027,Medium
5767,4,722,Adopted,8,2025,High
5768,3,722,Not Adopted,5,2028,High
5769,6,723,Adopted,10,2027,Low
5770,3,723,Not Adopted,3,2028,Medium
5771,4,723,Pilot,5,2024,Low
5772,11,723,Adopted,7,2028,High
5773,10,723,Adopted,3,2027,High
5774,9,723,Research,9,2027,Medium
5775,8,723,Pilot,10,2027,Medium
5776,12,723,Not Adopted,4,2025,Medium
5777,5,724,Not Adopted,4,2024,Low
5778,4,724,Adopted,3,2028,High
5779,12,724,Research,10,2028,High
5780,3,724,Not Adopted,4,2027,Medium
5781,1,724,Research,4,2027,High
5782,9,724,Not Adopted,3,2025,High
5783,2,724,Not Adopted,6,2025,High
5784,8,724,Research,3,2025,Low
5785,10,724,Research,3,2024,Low
5786,7,724,Research,7,2025,Medium
5787,11,724,Pilot,8,2026,Medium
5788,6,724,Pilot,9,2028,Medium
5789,1,725,Not Adopted,7,2024,Low
5790,5,725,Adopted,7,2026,Medium
5791,4,725,Pilot,6,2028,High
5792,12,725,Pilot,6,2026,Medium
5793,10,725,Adopted,9,2027,Medium
5794,9,725,Adopted,3,2025,High
5795,11,725,Adopted,4,2024,High
5796,7,725,Not Adopted,5,2026,High
5797,6,726,Pilot,7,2025,Medium
5798,11,726,Pilot,5,2027,High
5799,8,726,Pilot,8,2027,Medium
5800,5,726,Research,6,2026,High
5801,10,727,Research,4,2028,Medium
5802,8,727,Not Adopted,3,2026,High
5803,11,727,Not Adopted,9,2024,High
5804,4,727,Pilot,10,2024,Medium
5805,3,727,Not Adopted,7,2025,High
5806,5,727,Adopted,5,2026,High
5807,4,728,Pilot,8,2026,High
5808,12,728,Adopted,10,2028,Low
5809,9,728,Adopted,10,2027,High
5810,5,728,Not Adopted,4,2024,High
5811,10,728,Pilot,8,2028,Medium
5812,6,728,Research,6,2025,Medium
5813,3,728,Not Adopted,6,2026,Low
5814,8,728,Research,9,2024,Low
5815,2,728,Adopted,10,2026,High
5816,1,728,Research,4,2025,Low
5817,7,728,Not Adopted,6,2025,Low
5818,11,729,Not Adopted,7,2026,High
5819,10,729,Research,5,2028,Low
5820,1,729,Adopted,7,2025,Medium
5821,12,729,Adopted,10,2025,High
5822,3,729,Research,5,2026,Low
5823,9,729,Pilot,10,2026,Low
5824,8,729,Research,8,2026,Low
5825,5,729,Adopted,3,2027,Low
5826,7,729,Pilot,3,2027,Low
5827,4,729,Not Adopted,9,2026,Low
5828,6,729,Adopted,9,2027,High
5829,3,730,Adopted,9,2028,High
5830,7,730,Research,3,2025,High
5831,4,730,Research,10,2024,Medium
5832,11,730,Research,5,2028,High
5833,1,730,Adopted,8,2024,Low
5834,2,730,Pilot,6,2028,Medium
5835,12,730,Not Adopted,3,2027,Medium
5836,6,730,Not Adopted,5,2025,Medium
5837,1,731,Not Adopted,9,2025,Medium
5838,12,731,Pilot,3,2024,Medium
5839,5,731,Not Adopted,5,2024,Low
5840,2,731,Not Adopted,5,2028,Low
5841,6,731,Not Adopted,3,2024,High
5842,11,732,Pilot,5,2024,High
5843,3,732,Research,10,2025,Medium
5844,4,732,Pilot,3,2027,Medium
5845,2,732,Research,8,2026,Medium
5846,1,732,Adopted,7,2025,Medium
5847,7,732,Not Adopted,8,2026,Low
5848,12,732,Adopted,4,2025,High
5849,6,732,Adopted,7,2028,Medium
5850,4,733,Not Adopted,5,2028,High
5851,7,733,Research,10,2027,High
5852,5,733,Not Adopted,10,2025,High
5853,11,733,Adopted,5,2026,Medium
5854,7,734,Not Adopted,3,2024,High
5855,2,734,Pilot,6,2026,Low
5856,1,734,Not Adopted,4,2028,Low
5857,4,734,Not Adopted,9,2027,Medium
5858,5,734,Research,5,2026,High
5859,6,734,Research,4,2025,Low
5860,12,734,Pilot,4,2026,Low
5861,11,734,Research,8,2026,Medium
5862,3,734,Not Adopted,6,2026,Medium
5863,9,734,Adopted,10,2028,Medium
5864,8,735,Research,5,2026,Medium
5865,1,735,Adopted,6,2026,Medium
5866,2,735,Not Adopted,9,2028,Medium
5867,9,735,Not Adopted,4,2027,High
5868,12,736,Research,3,2027,Low
5869,9,736,Not Adopted,6,2024,High
5870,1,736,Not Adopted,7,2028,Medium
5871,4,736,Research,5,2027,Low
5872,7,736,Research,5,2027,High
5873,4,737,Adopted,4,2028,Medium
5874,7,737,Pilot,10,2027,High
5875,12,737,Not Adopted,9,2025,High
5876,11,737,Not Adopted,3,2027,Low
5877,3,737,Research,9,2027,Medium
5878,5,737,Not Adopted,6,2026,High
5879,10,737,Not Adopted,8,2028,High
5880,9,737,Not Adopted,4,2025,Medium
5881,1,737,Adopted,6,2025,Low
5882,8,737,Adopted,10,2025,Medium
5883,2,737,Pilot,8,2027,Medium
5884,6,737,Not Adopted,6,2026,Low
5885,8,738,Adopted,10,2028,High
5886,12,738,Research,8,2026,Medium
5887,7,738,Research,8,2028,Medium
5888,3,738,Adopted,4,2026,High
5889,1,738,Not Adopted,4,2027,Medium
5890,11,738,Research,5,2025,Low
5891,10,738,Research,7,2028,High
5892,5,738,Pilot,5,2028,Medium
5893,6,738,Not Adopted,5,2025,Low
5894,2,738,Adopted,4,2026,Medium
5895,9,738,Pilot,7,2024,Medium
5896,4,738,Adopted,4,2026,Low
5897,1,739,Not Adopted,9,2026,Low
5898,3,739,Pilot,10,2024,Low
5899,9,739,Pilot,10,2026,Low
5900,8,739,Pilot,9,2028,Medium
5901,6,739,Not Adopted,3,2025,High
5902,7,739,Pilot,3,2028,Medium
5903,2,739,Pilot,3,2027,Medium
5904,11,740,Pilot,9,2027,Medium
5905,10,740,Not Adopted,7,2027,Low
5906,6,740,Research,9,2027,Low
5907,4,740,Not Adopted,9,2026,Low
5908,6,741,Research,3,2025,Low
5909,9,741,Research,7,2024,Medium
5910,3,741,Pilot,9,2027,Low
5911,7,741,Research,3,2025,High
5912,11,741,Adopted,5,2025,High
5913,12,741,Not Adopted,8,2024,Low
5914,3,742,Not Adopted,6,2025,High
5915,7,742,Pilot,9,2024,High
5916,5,742,Not Adopted,3,2027,Medium
5917,11,742,Not Adopted,8,2028,High
5918,7,743,Pilot,9,2026,High
5919,11,743,Not Adopted,9,2027,Medium
5920,10,743,Adopted,8,2024,Low
5921,5,743,Not Adopted,9,2025,Medium
5922,1,744,Not Adopted,3,2026,Low
5923,4,744,Adopted,6,2027,High
5924,3,744,Pilot,7,2028,Medium
5925,6,744,Pilot,8,2027,Low
5926,11,744,Pilot,6,2024,High
5927,8,744,Not Adopted,10,2024,Low
5928,7,744,Research,3,2025,Medium
5929,12,745,Adopted,8,2027,Medium
5930,1,745,Adopted,9,2025,High
5931,9,745,Adopted,5,2024,High
5932,11,745,Adopted,8,2024,Medium
5933,7,745,Adopted,6,2025,Low
5934,8,746,Pilot,10,2026,High
5935,11,746,Adopted,4,2026,Medium
5936,12,746,Research,6,2028,High
5937,10,746,Adopted,7,2028,High
5938,2,746,Adopted,3,2024,Low
5939,6,747,Research,4,2024,Medium
5940,12,747,Pilot,4,2028,Low
5941,1,747,Not Adopted,8,2025,High
5942,10,747,Not Adopted,3,2024,Low
5943,9,747,Not Adopted,6,2026,Low
5944,3,747,Pilot,8,2027,High
5945,7,747,Not Adopted,6,2025,Medium
5946,11,747,Research,3,2027,High
5947,4,747,Not Adopted,10,2027,Low
5948,5,747,Pilot,4,2025,Medium
5949,2,747,Pilot,8,2026,Low
5950,4,748,Research,6,2026,Medium
5951,10,748,Research,10,2026,Medium
5952,6,748,Adopted,7,2024,Medium
5953,9,748,Not Adopted,7,2024,Medium
5954,12,748,Not Adopted,8,2026,High
5955,7,748,Research,4,2025,Medium
5956,2,748,Research,5,2024,Medium
5957,11,748,Research,9,2025,High
5958,4,749,Pilot,8,2027,Medium
5959,10,749,Pilot,6,2026,Medium
5960,2,749,Adopted,9,2024,High
5961,12,749,Research,9,2025,High
5962,6,749,Adopted,10,2028,Medium
5963,8,749,Adopted,3,2024,Medium
5964,5,749,Research,6,2027,Low
5965,9,749,Research,7,2025,Low
5966,11,749,Pilot,5,2025,High
5967,12,750,Not Adopted,8,2024,Medium
5968,11,750,Research,4,2027,Low
5969,5,750,Not Adopted,4,2025,High
5970,3,750,Adopted,4,2027,High
5971,8,750,Research,6,2027,Medium
5972,4,750,Not Adopted,3,2024,Low
5973,10,750,Research,6,2024,Low
5974,11,751,Research,6,2024,Low
5975,2,751,Adopted,5,2025,Low
5976,3,751,Not Adopted,9,2025,Medium
5977,12,751,Research,5,2024,Medium
5978,6,751,Adopted,8,2027,High
5979,9,752,Pilot,8,2027,Low
5980,1,752,Not Adopted,5,2027,Medium
5981,4,752,Research,9,2026,High
5982,10,752,Pilot,6,2028,Low
5983,2,752,Research,9,2028,High
5984,5,752,Pilot,10,2026,Low
5985,12,752,Pilot,8,2026,Medium
5986,6,752,Adopted,5,2026,Medium
5987,3,752,Adopted,5,2027,Medium
5988,7,752,Pilot,7,2024,Low
5989,11,752,Adopted,9,2027,Low
5990,8,752,Pilot,7,2024,High
5991,10,753,Adopted,6,2027,Low
5992,4,753,Adopted,3,2027,Low
5993,1,753,Adopted,10,2024,High
5994,5,753,Adopted,7,2028,Low
5995,11,753,Pilot,6,2024,Medium
5996,2,754,Pilot,7,2025,Low
5997,9,754,Pilot,3,2025,High
5998,1,754,Adopted,9,2027,Low
5999,12,754,Adopted,9,2025,Low
6000,11,754,Pilot,6,2024,High
6001,5,754,Adopted,5,2026,Medium
6002,3,754,Research,7,2025,High
6003,3,755,Research,6,2026,Medium
6004,5,755,Research,10,2024,High
6005,1,755,Pilot,9,2026,Medium
6006,10,755,Research,10,2028,Low
6007,2,755,Pilot,5,2027,Low
6008,8,755,Research,7,2026,Medium
6009,7,755,Research,3,2028,Low
6010,5,756,Adopted,8,2026,Low
6011,9,756,Pilot,5,2027,Low
6012,11,756,Adopted,7,2026,High
6013,7,756,Pilot,7,2024,Low
6014,1,756,Not Adopted,10,2025,Medium
6015,6,756,Research,6,2028,Low
6016,8,756,Not Adopted,7,2024,Low
6017,8,757,Not Adopted,10,2027,Medium
6018,4,757,Research,3,2027,High
6019,1,757,Research,5,2027,High
6020,11,757,Research,7,2025,Low
6021,12,757,Pilot,3,2027,High
6022,6,757,Not Adopted,3,2025,Low
6023,3,757,Not Adopted,9,2028,High
6024,11,758,Adopted,10,2024,Medium
6025,5,758,Adopted,4,2027,Low
6026,10,758,Pilot,8,2027,Low
6027,9,758,Research,5,2024,Medium
6028,3,758,Research,4,2026,Medium
6029,5,759,Not Adopted,9,2024,Low
6030,12,759,Not Adopted,6,2028,Medium
6031,3,759,Adopted,6,2025,Low
6032,4,759,Adopted,8,2027,Low
6033,2,759,Adopted,10,2026,Medium
6034,7,759,Adopted,8,2025,High
6035,8,759,Research,10,2026,Medium
6036,1,759,Research,6,2025,High
6037,6,759,Not Adopted,3,2024,High
6038,6,760,Adopted,6,2028,High
6039,4,760,Not Adopted,9,2027,Medium
6040,9,760,Adopted,5,2024,High
6041,1,760,Research,8,2028,Medium
6042,3,760,Pilot,3,2026,Low
6043,8,760,Research,8,2025,High
6044,5,760,Research,4,2028,High
6045,2,760,Adopted,9,2026,Low
6046,7,760,Adopted,5,2024,Low
6047,11,760,Research,3,2027,Low
6048,12,760,Not Adopted,6,2026,Low
6049,1,761,Pilot,9,2026,Low
6050,12,761,Adopted,5,2028,Medium
6051,11,761,Research,4,2025,High
6052,6,761,Adopted,7,2028,Medium
6053,7,761,Pilot,9,2025,High
6054,2,761,Research,9,2028,Low
6055,3,761,Pilot,10,2025,Low
6056,9,761,Research,9,2024,High
6057,8,761,Not Adopted,5,2026,High
6058,9,762,Not Adopted,9,2028,High
6059,2,762,Research,8,2024,Low
6060,3,762,Pilot,7,2025,High
6061,1,762,Pilot,5,2027,High
6062,4,762,Pilot,9,2026,Medium
6063,7,762,Not Adopted,4,2028,Low
6064,5,763,Not Adopted,7,2024,High
6065,8,763,Adopted,5,2026,Medium
6066,4,763,Adopted,9,2024,Medium
6067,1,763,Not Adopted,9,2024,High
6068,12,763,Research,10,2027,Medium
6069,6,763,Pilot,8,2025,Medium
6070,9,763,Pilot,9,2028,High
6071,3,763,Research,6,2024,High
6072,7,763,Research,3,2026,High
6073,10,763,Research,3,2027,High
6074,11,763,Research,10,2027,Low
6075,2,763,Pilot,4,2024,Medium
6076,10,764,Not Adopted,10,2025,High
6077,6,764,Adopted,10,2026,High
6078,4,764,Pilot,4,2027,Medium
6079,3,764,Pilot,4,2026,Medium
6080,9,764,Not Adopted,8,2027,Medium
6081,1,765,Adopted,8,2025,High
6082,7,765,Not Adopted,10,2027,Medium
6083,6,765,Adopted,4,2028,Low
6084,8,765,Not Adopted,6,2024,Medium
6085,6,766,Not Adopted,10,2026,Low
6086,5,766,Not Adopted,5,2024,High
6087,12,766,Research,4,2025,High
6088,9,766,Adopted,8,2024,High
6089,11,766,Adopted,8,2026,High
6090,6,767,Pilot,9,2025,Low
6091,5,767,Research,8,2027,Low
6092,12,767,Pilot,4,2027,Medium
6093,1,767,Not Adopted,10,2028,High
6094,2,767,Adopted,5,2024,High
6095,8,767,Pilot,5,2025,Low
6096,3,767,Adopted,8,2027,Medium
6097,11,767,Adopted,3,2027,Low
6098,7,767,Not Adopted,6,2025,High
6099,1,768,Research,5,2027,Medium
6100,4,768,Not Adopted,4,2025,Medium
6101,7,768,Pilot,8,2027,Low
6102,5,768,Adopted,8,2025,Low
6103,3,768,Pilot,4,2026,Medium
6104,10,768,Not Adopted,4,2024,High
6105,2,768,Pilot,8,2026,Medium
6106,11,768,Not Adopted,5,2027,Low
6107,9,768,Pilot,3,2025,Low
6108,8,768,Adopted,6,2028,Medium
6109,12,768,Pilot,3,2024,Low
6110,3,769,Not Adopted,5,2025,High
6111,10,769,Not Adopted,8,2026,Low
6112,12,769,Pilot,7,2027,Medium
6113,6,769,Research,3,2028,Medium
6114,10,770,Pilot,9,2028,Medium
6115,2,770,Pilot,5,2027,High
6116,4,770,Pilot,4,2024,Low
6117,8,770,Adopted,9,2026,High
6118,11,770,Not Adopted,7,2025,High
6119,5,770,Not Adopted,3,2027,Low
6120,3,771,Adopted,3,2024,Medium
6121,5,771,Pilot,10,2027,Low
6122,12,771,Pilot,10,2027,Medium
6123,2,771,Not Adopted,5,2026,High
6124,4,771,Pilot,3,2027,High
6125,11,771,Not Adopted,9,2028,High
6126,6,771,Not Adopted,4,2026,High
6127,9,771,Not Adopted,5,2026,Low
6128,7,771,Not Adopted,4,2024,Low
6129,5,772,Not Adopted,6,2025,Medium
6130,10,772,Not Adopted,7,2025,Medium
6131,6,772,Adopted,3,2028,High
6132,11,772,Not Adopted,3,2024,Low
6133,3,772,Pilot,5,2027,Low
6134,9,773,Research,4,2026,High
6135,2,773,Pilot,4,2026,Low
6136,1,773,Pilot,7,2024,High
6137,6,773,Not Adopted,8,2024,High
6138,5,773,Adopted,3,2027,Medium
6139,11,773,Not Adopted,3,2026,High
6140,7,773,Research,8,2024,Medium
6141,10,773,Not Adopted,7,2025,High
6142,3,773,Not Adopted,10,2024,Low
6143,12,773,Not Adopted,6,2024,High
6144,5,774,Adopted,3,2028,High
6145,12,774,Not Adopted,9,2026,High
6146,10,774,Not Adopted,10,2027,Medium
6147,11,774,Research,9,2027,Medium
6148,1,774,Research,10,2026,Medium
6149,7,774,Adopted,7,2028,High
6150,2,774,Not Adopted,7,2025,High
6151,10,775,Not Adopted,5,2025,Medium
6152,11,775,Not Adopted,6,2024,High
6153,2,775,Pilot,9,2025,High
6154,6,775,Not Adopted,9,2024,High
6155,7,775,Research,5,2025,High
6156,4,776,Adopted,6,2024,Low
6157,8,776,Adopted,5,2026,Low
6158,12,776,Research,8,2027,High
6159,5,776,Research,4,2026,Medium
6160,3,776,Pilot,4,2028,Medium
6161,7,776,Pilot,6,2026,Low
6162,9,776,Adopted,7,2028,High
6163,1,776,Not Adopted,5,2026,Medium
6164,11,776,Research,6,2028,Low
6165,6,776,Pilot,5,2027,Medium
6166,1,777,Research,4,2024,Medium
6167,11,777,Pilot,9,2025,Low
6168,3,777,Pilot,8,2027,Low
6169,9,777,Adopted,8,2028,Medium
6170,6,777,Research,6,2025,Low
6171,8,777,Adopted,5,2025,Medium
6172,7,777,Not Adopted,4,2024,Low
6173,3,778,Pilot,3,2024,High
6174,8,778,Not Adopted,10,2028,Low
6175,6,778,Adopted,6,2027,Medium
6176,12,778,Not Adopted,9,2028,High
6177,2,778,Research,3,2028,Low
6178,7,778,Pilot,9,2025,Low
6179,1,778,Pilot,8,2028,Medium
6180,10,778,Pilot,5,2026,Low
6181,9,778,Pilot,7,2025,High
6182,11,779,Adopted,9,2028,Medium
6183,6,779,Not Adopted,8,2026,High
6184,7,779,Not Adopted,4,2026,Medium
6185,12,779,Research,4,2028,Medium
6186,10,779,Pilot,8,2028,High
6187,9,779,Research,3,2027,Low
6188,2,779,Not Adopted,8,2024,Medium
6189,4,779,Adopted,8,2028,Medium
6190,3,779,Pilot,10,2025,High
6191,1,779,Research,9,2024,Medium
6192,8,779,Adopted,4,2025,Medium
6193,5,779,Pilot,3,2025,Low
6194,2,780,Not Adopted,10,2028,Medium
6195,9,780,Adopted,8,2024,Medium
6196,11,780,Pilot,8,2026,Low
6197,3,780,Not Adopted,10,2026,High
6198,6,781,Pilot,10,2026,Low
6199,3,781,Not Adopted,3,2024,High
6200,10,781,Not Adopted,6,2027,Low
6201,4,781,Not Adopted,6,2028,Medium
6202,7,781,Not Adopted,3,2025,Low
6203,5,781,Not Adopted,9,2026,Low
6204,8,781,Pilot,8,2025,High
6205,6,782,Pilot,8,2026,Low
6206,7,782,Adopted,8,2028,High
6207,4,782,Adopted,9,2025,Low
6208,3,782,Research,3,2024,Low
6209,9,782,Adopted,3,2024,Low
6210,10,783,Research,6,2028,Low
6211,6,783,Adopted,3,2027,Medium
6212,4,783,Adopted,4,2024,Low
6213,1,783,Research,3,2026,Low
6214,5,783,Adopted,9,2026,High
6215,10,784,Research,8,2026,Low
6216,3,784,Adopted,5,2025,Medium
6217,6,784,Research,9,2027,Medium
6218,12,784,Adopted,10,2027,Low
6219,2,784,Pilot,10,2027,High
6220,9,784,Adopted,3,2028,Medium
6221,5,784,Not Adopted,5,2027,Medium
6222,4,784,Adopted,10,2027,Low
6223,3,785,Adopted,7,2027,Medium
6224,9,785,Not Adopted,10,2026,Medium
6225,1,785,Adopted,10,2024,Low
6226,8,785,Not Adopted,10,2024,Medium
6227,6,785,Adopted,10,2028,Low
6228,4,785,Pilot,9,2025,Low
6229,11,785,Research,7,2026,Low
6230,10,786,Pilot,10,2028,High
6231,7,786,Research,6,2025,Low
6232,4,786,Pilot,10,2028,Low
6233,6,786,Pilot,5,2024,Medium
6234,11,786,Adopted,7,2024,Medium
6235,3,786,Not Adopted,3,2026,High
6236,12,786,Pilot,7,2027,High
6237,5,786,Pilot,6,2024,Low
6238,9,786,Adopted,5,2026,Medium
6239,8,786,Adopted,6,2027,Low
6240,2,786,Adopted,3,2024,High
6241,10,787,Adopted,7,2027,Low
6242,6,787,Pilot,8,2028,High
6243,4,787,Not Adopted,10,2028,Low
6244,8,787,Pilot,8,2024,Medium
6245,12,787,Adopted,7,2027,High
6246,9,787,Pilot,5,2026,Medium
6247,2,787,Research,8,2025,Low
6248,1,787,Adopted,5,2028,Medium
6249,3,787,Not Adopted,4,2026,High
6250,8,788,Research,8,2028,Medium
6251,12,788,Not Adopted,3,2024,High
6252,7,788,Pilot,5,2027,Low
6253,4,788,Research,8,2026,Medium
6254,5,788,Not Adopted,10,2026,High
6255,3,789,Adopted,10,2025,Low
6256,6,789,Not Adopted,5,2028,Medium
6257,7,789,Research,5,2028,High
6258,12,789,Pilot,7,2027,High
6259,1,789,Adopted,9,2028,Medium
6260,11,789,Pilot,9,2024,Low
6261,5,789,Research,9,2026,Low
6262,2,789,Adopted,4,2026,High
6263,10,789,Research,5,2025,Low
6264,8,789,Not Adopted,4,2024,High
6265,9,789,Research,7,2027,High
6266,9,790,Not Adopted,4,2027,Low
6267,12,790,Not Adopted,7,2025,High
6268,5,790,Research,8,2024,Medium
6269,2,790,Research,8,2025,Low
6270,4,790,Pilot,5,2026,Low
6271,11,790,Not Adopted,4,2028,High
6272,6,790,Not Adopted,9,2026,Medium
6273,3,790,Adopted,3,2025,Medium
6274,7,790,Research,8,2027,High
6275,5,791,Research,3,2026,Medium
6276,12,791,Research,8,2024,Medium
6277,11,791,Pilot,5,2026,Low
6278,3,791,Not Adopted,10,2026,Low
6279,4,791,Not Adopted,10,2024,Low
6280,7,791,Adopted,4,2026,High
6281,10,791,Adopted,6,2028,High
6282,9,791,Pilot,10,2024,Medium
6283,6,791,Research,10,2025,Medium
6284,2,791,Adopted,10,2024,Low
6285,1,791,Not Adopted,3,2028,Low
6286,6,792,Research,9,2024,Medium
6287,11,792,Pilot,9,2028,Medium
6288,12,792,Not Adopted,10,2028,Low
6289,5,792,Not Adopted,3,2028,Low
6290,10,792,Not Adopted,8,2027,Medium
6291,1,792,Adopted,10,2024,High
6292,3,792,Adopted,5,2024,Low
6293,8,793,Not Adopted,9,2027,Medium
6294,7,793,Pilot,10,2026,High
6295,10,793,Research,5,2025,Medium
6296,2,793,Research,10,2028,Low
6297,12,793,Research,7,2024,High
6298,9,793,Not Adopted,3,2024,Medium
6299,4,793,Research,10,2024,Low
6300,11,793,Research,4,2025,Medium
6301,5,793,Not Adopted,4,2028,Medium
6302,6,794,Pilot,6,2024,Low
6303,12,794,Not Adopted,4,2026,High
6304,10,794,Not Adopted,8,2024,Medium
6305,2,794,Not Adopted,9,2025,High
6306,4,794,Adopted,4,2024,Medium
6307,1,794,Adopted,6,2026,High
6308,5,794,Research,8,2028,High
6309,3,794,Pilot,9,2027,Medium
6310,8,794,Pilot,9,2028,High
6311,10,795,Adopted,8,2024,Medium
6312,12,795,Pilot,10,2027,Medium
6313,11,795,Pilot,4,2028,High
6314,7,795,Pilot,10,2024,Medium
6315,9,795,Adopted,10,2026,Low
6316,4,795,Not Adopted,6,2025,Medium
6317,5,795,Adopted,10,2027,High
6318,1,795,Research,4,2027,Low
6319,2,795,Not Adopted,4,2027,Medium
6320,6,795,Not Adopted,8,2026,Low
6321,3,795,Research,4,2028,Low
6322,8,795,Pilot,7,2025,Medium
6323,6,796,Research,10,2025,Low
6324,11,796,Adopted,6,2025,Low
6325,7,796,Research,10,2027,High
6326,2,796,Adopted,9,2027,Medium
6327,4,796,Research,9,2025,Medium
6328,8,796,Pilot,6,2024,Medium
6329,1,796,Pilot,7,2028,Low
6330,3,796,Research,10,2025,High
6331,10,796,Not Adopted,7,2026,Medium
6332,9,796,Not Adopted,9,2024,Medium
6333,5,796,Pilot,8,2026,High
6334,12,796,Research,9,2026,Low
6335,6,797,Pilot,5,2028,Medium
6336,8,797,Adopted,6,2025,High
6337,10,797,Pilot,6,2028,Medium
6338,2,797,Research,9,2028,High
6339,9,797,Not Adopted,3,2027,Medium
6340,3,797,Pilot,9,2024,High
6341,8,798,Not Adopted,7,2028,High
6342,7,798,Research,7,2024,High
6343,6,798,Adopted,7,2027,High
6344,1,798,Adopted,10,2025,High
6345,4,798,Not Adopted,8,2027,Medium
6346,12,798,Research,10,2026,Medium
6347,10,798,Research,6,2028,Medium
6348,9,798,Adopted,9,2024,Medium
6349,5,798,Pilot,8,2025,Medium
6350,12,799,Pilot,6,2025,High
6351,7,799,Research,7,2026,High
6352,1,799,Not Adopted,6,2025,High
6353,6,799,Not Adopted,5,2024,Low
6354,11,799,Adopted,7,2027,Medium
6355,8,799,Adopted,10,2027,High
6356,5,799,Adopted,6,2028,Medium
6357,8,800,Not Adopted,10,2028,Medium
6358,7,800,Research,5,2027,Medium
6359,11,800,Adopted,6,2028,Medium
6360,5,800,Research,10,2026,Low
6361,3,800,Adopted,10,2024,Low
6362,4,800,Adopted,10,2027,Medium
6363,12,800,Research,5,2027,Medium
6364,7,801,Adopted,8,2026,High
6365,12,801,Research,4,2024,Low
6366,9,801,Adopted,9,2027,High
6367,5,801,Adopted,5,2024,Low
6368,10,801,Pilot,4,2028,Low
6369,1,802,Pilot,6,2028,High
6370,7,802,Research,3,2025,Low
6371,8,802,Pilot,3,2028,High
6372,2,802,Adopted,5,2028,Medium
6373,6,802,Not Adopted,6,2026,Low
6374,4,802,Adopted,9,2026,High
6375,11,802,Research,3,2028,Medium
6376,10,803,Adopted,8,2024,High
6377,6,803,Pilot,8,2028,Low
6378,3,803,Research,6,2024,High
6379,5,803,Pilot,6,2028,High
6380,12,803,Not Adopted,10,2026,Low
6381,8,803,Pilot,4,2025,Low
6382,11,803,Research,10,2026,Medium
6383,9,803,Adopted,7,2028,High
6384,7,803,Research,7,2027,Medium
6385,4,803,Research,10,2025,Medium
6386,11,804,Adopted,6,2026,Low
6387,2,804,Research,3,2025,High
6388,9,804,Research,5,2026,Medium
6389,3,804,Research,6,2028,High
6390,10,804,Adopted,5,2026,Medium
6391,8,804,Adopted,5,2026,Medium
6392,6,804,Not Adopted,9,2024,Medium
6393,12,804,Pilot,8,2025,High
6394,4,804,Adopted,3,2027,Medium
6395,5,804,Adopted,6,2027,Medium
6396,1,804,Not Adopted,7,2028,Medium
6397,7,805,Pilot,5,2027,High
6398,1,805,Not Adopted,3,2026,Low
6399,9,805,Not Adopted,6,2026,High
6400,6,805,Research,6,2028,Medium
6401,10,805,Pilot,8,2028,Medium
6402,4,805,Adopted,4,2024,High
6403,12,805,Not Adopted,3,2027,High
6404,5,805,Research,8,2028,Medium
6405,10,806,Pilot,6,2024,High
6406,5,806,Pilot,9,2026,Low
6407,4,806,Not Adopted,3,2025,High
6408,8,806,Research,10,2024,Medium
6409,12,806,Adopted,3,2025,High
6410,9,806,Not Adopted,6,2025,Low
6411,3,806,Not Adopted,8,2026,Medium
6412,6,806,Not Adopted,6,2024,Medium
6413,3,807,Research,10,2028,Medium
6414,6,807,Research,4,2026,High
6415,1,807,Not Adopted,9,2028,High
6416,12,807,Pilot,3,2025,Medium
6417,4,807,Adopted,4,2025,Low
6418,9,807,Adopted,7,2028,Low
6419,10,808,Adopted,3,2027,Low
6420,6,808,Research,10,2028,High
6421,7,808,Pilot,6,2027,Low
6422,3,808,Not Adopted,9,2027,Low
6423,5,808,Research,9,2026,Medium
6424,8,808,Research,9,2025,Low
6425,2,808,Not Adopted,9,2024,Medium
6426,12,808,Pilot,4,2026,Medium
6427,4,808,Adopted,8,2024,Low
6428,4,809,Not Adopted,10,2027,Medium
6429,10,809,Adopted,4,2025,Medium
6430,11,809,Not Adopted,7,2028,Medium
6431,12,809,Pilot,8,2028,Low
6432,7,809,Pilot,10,2025,Medium
6433,1,810,Pilot,9,2024,Medium
6434,5,810,Research,6,2028,Low
6435,12,810,Research,4,2028,Medium
6436,11,810,Research,3,2024,High
6437,1,811,Not Adopted,7,2026,High
6438,4,811,Adopted,3,2027,Low
6439,10,811,Not Adopted,10,2026,Medium
6440,5,811,Research,10,2027,High
6441,11,811,Research,8,2026,Low
6442,9,811,Research,6,2028,Medium
6443,12,811,Not Adopted,5,2028,Medium
6444,8,811,Pilot,10,2027,Low
6445,3,811,Not Adopted,10,2026,Low
6446,2,811,Pilot,8,2025,High
6447,7,811,Pilot,5,2026,Medium
6448,11,812,Research,3,2027,Low
6449,10,812,Research,10,2028,Medium
6450,1,812,Pilot,8,2026,Low
6451,4,812,Research,3,2026,Medium
6452,12,812,Adopted,7,2024,Low
6453,3,812,Not Adopted,5,2025,Low
6454,5,812,Research,10,2025,High
6455,2,812,Not Adopted,5,2027,High
6456,8,812,Adopted,9,2028,Medium
6457,9,812,Pilot,8,2025,High
6458,4,813,Not Adopted,7,2025,Medium
6459,9,813,Adopted,5,2028,Low
6460,6,813,Adopted,4,2025,Medium
6461,11,813,Adopted,6,2027,Low
6462,12,813,Research,7,2025,Low
6463,7,813,Adopted,5,2024,Medium
6464,8,813,Pilot,3,2024,Low
6465,5,813,Adopted,3,2028,Medium
6466,2,813,Not Adopted,9,2026,Medium
6467,2,814,Not Adopted,6,2026,Medium
6468,9,814,Not Adopted,10,2028,Medium
6469,6,814,Research,6,2025,High
6470,4,814,Research,3,2024,Low
6471,8,814,Adopted,8,2026,Medium
6472,5,814,Adopted,8,2024,High
6473,10,814,Pilot,5,2024,Low
6474,7,814,Not Adopted,10,2026,Medium
6475,3,814,Adopted,8,2027,Medium
6476,1,814,Adopted,10,2025,Low
6477,12,814,Not Adopted,4,2027,Low
6478,11,814,Pilot,4,2027,Medium
6479,11,815,Adopted,8,2026,Medium
6480,6,815,Pilot,10,2026,Low
6481,1,815,Adopted,10,2027,High
6482,2,815,Pilot,10,2025,Medium
6483,7,815,Pilot,5,2024,High
6484,4,815,Pilot,6,2027,Low
6485,8,815,Pilot,7,2024,Low
6486,5,815,Not Adopted,6,2026,Medium
6487,12,815,Not Adopted,8,2027,Medium
6488,10,815,Pilot,3,2028,Low
6489,8,816,Research,9,2025,High
6490,11,816,Pilot,9,2024,High
6491,3,816,Pilot,10,2028,Low
6492,5,816,Pilot,10,2024,Medium
6493,6,816,Adopted,8,2024,Medium
6494,9,816,Pilot,9,2024,High
6495,12,816,Research,3,2028,High
6496,10,816,Not Adopted,5,2027,Low
6497,4,816,Not Adopted,5,2027,Medium
6498,7,816,Research,8,2024,High
6499,2,816,Research,3,2027,Low
6500,1,816,Adopted,4,2028,High
6501,9,817,Research,3,2027,Medium
6502,8,817,Not Adopted,5,2027,Medium
6503,1,817,Not Adopted,10,2025,Medium
6504,3,817,Pilot,9,2024,High
6505,11,817,Adopted,5,2027,High
6506,6,817,Not Adopted,5,2025,Low
6507,12,817,Research,4,2025,Medium
6508,5,817,Not Adopted,8,2025,Low
6509,7,817,Not Adopted,7,2026,High
6510,12,818,Not Adopted,6,2026,Low
6511,5,818,Research,4,2026,High
6512,3,818,Adopted,8,2024,Medium
6513,7,818,Pilot,3,2025,Low
6514,2,818,Not Adopted,7,2025,High
6515,9,819,Not Adopted,5,2026,Low
6516,2,819,Pilot,4,2026,Low
6517,7,819,Not Adopted,8,2025,Low
6518,8,819,Adopted,8,2028,High
6519,12,820,Not Adopted,4,2026,Low
6520,11,820,Pilot,7,2027,Low
6521,7,820,Pilot,4,2027,Low
6522,10,820,Not Adopted,4,2025,Low
6523,5,820,Pilot,5,2026,Medium
6524,6,820,Adopted,9,2026,Low
6525,1,820,Pilot,5,2026,High
6526,9,820,Not Adopted,4,2027,High
6527,8,820,Pilot,6,2025,Low
6528,4,820,Pilot,9,2027,Medium
6529,3,820,Not Adopted,10,2028,High
6530,2,820,Pilot,9,2027,Low
6531,10,821,Research,4,2026,Low
6532,4,821,Not Adopted,7,2025,Medium
6533,5,821,Research,8,2025,High
6534,8,821,Not Adopted,4,2025,Medium
6535,11,821,Research,3,2027,High
6536,6,821,Not Adopted,4,2026,Medium
6537,3,821,Research,8,2026,Low
6538,7,821,Pilot,4,2025,High
6539,2,821,Research,8,2026,High
6540,3,822,Pilot,8,2027,High
6541,1,822,Adopted,7,2025,Medium
6542,5,822,Research,7,2024,Low
6543,6,822,Research,4,2024,Low
6544,12,822,Not Adopted,8,2028,Low
6545,10,822,Not Adopted,4,2028,High
6546,9,822,Pilot,4,2028,Low
6547,2,822,Not Adopted,10,2028,Low
6548,11,822,Research,4,2026,Medium
6549,7,822,Adopted,9,2024,Low
6550,8,822,Pilot,7,2024,Low
6551,4,822,Research,4,2028,High
6552,8,823,Research,9,2027,Medium
6553,2,823,Research,8,2028,High
6554,3,823,Adopted,4,2026,High
6555,5,823,Not Adopted,9,2027,Low
6556,11,823,Not Adopted,7,2025,Low
6557,4,823,Research,4,2028,High
6558,7,823,Pilot,7,2025,Low
6559,6,823,Adopted,9,2027,Medium
6560,10,823,Research,5,2024,Low
6561,12,823,Not Adopted,7,2026,Medium
6562,1,823,Research,4,2028,Low
6563,9,823,Research,4,2028,Low
6564,2,824,Research,7,2024,Medium
6565,6,824,Not Adopted,6,2025,Medium
6566,4,824,Adopted,5,2026,Medium
6567,8,824,Pilot,10,2025,High
6568,7,824,Pilot,5,2024,Low
6569,3,824,Pilot,8,2028,Low
6570,10,825,Pilot,4,2024,High
6571,8,825,Adopted,9,2027,Low
6572,3,825,Not Adopted,8,2027,Medium
6573,4,825,Pilot,7,2024,High
6574,1,825,Research,6,2027,Medium
6575,12,825,Research,7,2024,Medium
6576,4,826,Pilot,10,2027,High
6577,9,826,Pilot,10,2028,High
6578,7,826,Pilot,6,2027,Low
6579,8,826,Research,9,2028,High
6580,5,826,Not Adopted,3,2024,High
6581,11,826,Not Adopted,5,2026,High
6582,2,826,Not Adopted,8,2026,Low
6583,1,826,Not Adopted,5,2024,Medium
6584,12,826,Adopted,4,2025,Medium
6585,6,826,Pilot,6,2026,High
6586,3,826,Adopted,10,2028,High
6587,10,826,Pilot,6,2024,Medium
6588,4,827,Research,3,2028,High
6589,6,827,Not Adopted,5,2024,Low
6590,9,827,Research,7,2024,Low
6591,5,827,Pilot,10,2026,Medium
6592,10,827,Not Adopted,6,2026,Medium
6593,8,827,Research,10,2028,Medium
6594,6,828,Adopted,8,2027,High
6595,8,828,Research,3,2028,Medium
6596,4,828,Research,4,2026,Medium
6597,10,828,Pilot,3,2026,Low
6598,9,828,Not Adopted,6,2026,Medium
6599,7,828,Research,3,2027,High
6600,10,829,Research,7,2026,Low
6601,7,829,Research,8,2026,Medium
6602,6,829,Not Adopted,4,2025,Low
6603,8,829,Research,4,2026,High
6604,2,829,Adopted,3,2025,Low
6605,11,829,Pilot,10,2028,Low
6606,1,829,Pilot,8,2024,High
6607,9,829,Adopted,4,2025,Medium
6608,4,829,Research,3,2026,High
6609,11,830,Research,7,2026,High
6610,9,830,Not Adopted,10,2027,Low
6611,3,830,Pilot,5,2028,Low
6612,10,830,Adopted,6,2025,High
6613,7,830,Adopted,3,2027,Medium
6614,8,830,Not Adopted,6,2024,Low
6615,5,830,Research,3,2027,High
6616,11,831,Pilot,3,2027,High
6617,3,831,Not Adopted,6,2027,High
6618,12,831,Not Adopted,6,2026,Low
6619,9,831,Not Adopted,5,2025,High
6620,4,831,Research,3,2024,High
6621,9,832,Adopted,4,2026,High
6622,7,832,Research,4,2024,Medium
6623,6,832,Pilot,10,2028,High
6624,12,832,Research,3,2027,Medium
6625,3,832,Adopted,8,2027,Medium
6626,11,832,Pilot,8,2026,Medium
6627,8,832,Adopted,8,2026,High
6628,10,832,Not Adopted,8,2027,Low
6629,1,832,Research,8,2025,Medium
6630,4,832,Pilot,10,2026,High
6631,11,833,Not Adopted,5,2025,Low
6632,6,833,Not Adopted,8,2027,Medium
6633,10,833,Adopted,5,2026,Low
6634,9,833,Pilot,4,2028,High
6635,8,834,Pilot,8,2027,Medium
6636,5,834,Pilot,3,2026,High
6637,9,834,Not Adopted,7,2026,Medium
6638,12,834,Adopted,5,2027,Low
6639,11,834,Pilot,9,2026,Medium
6640,2,834,Pilot,7,2028,Medium
6641,12,835,Not Adopted,3,2026,High
6642,7,835,Research,7,2024,High
6643,2,835,Pilot,6,2027,High
6644,1,835,Not Adopted,8,2024,Medium
6645,11,835,Research,8,2024,High
6646,10,835,Pilot,6,2025,Low
6647,3,835,Pilot,6,2028,Medium
6648,7,836,Adopted,6,2028,High
6649,11,836,Pilot,3,2028,Medium
6650,10,836,Pilot,6,2028,High
6651,6,836,Pilot,5,2026,Low
6652,1,836,Pilot,10,2025,Medium
6653,11,837,Not Adopted,4,2027,Low
6654,5,837,Research,3,2025,Low
6655,3,837,Research,9,2024,Medium
6656,1,837,Adopted,8,2027,Medium
6657,10,837,Adopted,6,2024,High
6658,6,838,Not Adopted,6,2027,Low
6659,2,838,Research,3,2025,High
6660,12,838,Adopted,10,2024,Low
6661,9,838,Research,8,2026,Low
6662,11,838,Pilot,10,2025,Low
6663,1,838,Adopted,5,2027,High
6664,7,839,Not Adopted,7,2024,High
6665,6,839,Not Adopted,7,2027,High
6666,8,839,Research,7,2026,High
6667,9,839,Adopted,4,2024,Medium
6668,1,839,Research,8,2027,Low
6669,8,840,Adopted,10,2028,High
6670,6,840,Adopted,4,2027,High
6671,12,840,Not Adopted,5,2025,High
6672,9,840,Pilot,7,2027,High
6673,1,840,Adopted,8,2024,Medium
6674,5,840,Adopted,9,2027,Medium
6675,3,840,Adopted,4,2027,High
6676,10,840,Not Adopted,5,2028,Low
6677,2,840,Adopted,9,2025,Medium
6678,11,840,Not Adopted,7,2026,High
6679,4,840,Research,6,2028,High
6680,6,841,Not Adopted,5,2028,Medium
6681,10,841,Not Adopted,10,2026,Low
6682,4,841,Not Adopted,10,2027,High
6683,11,841,Research,4,2027,High
6684,9,841,Adopted,9,2025,High
6685,5,841,Not Adopted,3,2028,Medium
6686,1,841,Research,3,2028,High
6687,2,841,Not Adopted,10,2028,High
6688,5,842,Not Adopted,5,2026,High
6689,4,842,Not Adopted,9,2025,Medium
6690,3,842,Research,4,2024,Low
6691,11,842,Adopted,6,2028,High
6692,2,842,Not Adopted,9,2025,High
6693,12,842,Research,3,2028,High
6694,3,843,Not Adopted,10,2028,Medium
6695,7,843,Not Adopted,6,2025,High
6696,6,843,Adopted,10,2027,High
6697,2,843,Research,7,2028,Medium
6698,8,843,Research,5,2024,High
6699,1,843,Research,6,2026,Low
6700,9,844,Not Adopted,7,2028,Low
6701,7,844,Adopted,8,2026,Medium
6702,3,844,Pilot,4,2027,Medium
6703,1,844,Not Adopted,7,2025,High
6704,11,844,Pilot,9,2024,Medium
6705,8,845,Adopted,3,2028,High
6706,5,845,Pilot,6,2025,Medium
6707,6,845,Research,6,2026,Low
6708,7,845,Adopted,4,2026,High
6709,2,845,Not Adopted,5,2024,High
6710,10,845,Adopted,3,2025,High
6711,7,846,Adopted,10,2026,High
6712,5,846,Research,10,2028,Medium
6713,9,846,Adopted,4,2026,Low
6714,11,846,Adopted,6,2027,Medium
6715,4,846,Research,10,2027,Low
6716,10,846,Not Adopted,10,2024,Medium
6717,12,846,Not Adopted,5,2025,High
6718,8,846,Not Adopted,7,2027,Low
6719,6,846,Adopted,10,2025,Medium
6720,1,846,Not Adopted,4,2026,Low
6721,4,847,Not Adopted,10,2026,High
6722,10,847,Adopted,8,2025,High
6723,7,847,Not Adopted,7,2024,Medium
6724,1,847,Research,3,2024,Low
6725,8,847,Adopted,5,2028,Low
6726,5,848,Not Adopted,4,2026,Low
6727,2,848,Pilot,4,2025,Medium
6728,8,848,Pilot,4,2026,High
6729,12,848,Research,6,2024,Low
6730,4,848,Research,7,2028,Low
6731,11,848,Research,10,2025,Low
6732,7,848,Research,6,2025,Low
6733,9,848,Not Adopted,10,2024,Medium
6734,10,848,Pilot,5,2025,Low
6735,8,849,Research,8,2026,Low
6736,7,849,Pilot,9,2025,High
6737,9,849,Not Adopted,5,2028,Low
6738,10,849,Not Adopted,10,2028,Low
6739,12,850,Research,3,2028,High
6740,2,850,Research,9,2027,Low
6741,4,850,Pilot,8,2026,Low
6742,10,850,Research,3,2026,Low
6743,5,850,Research,6,2026,High
6744,1,850,Not Adopted,5,2025,Low
6745,6,850,Adopted,7,2026,Low
6746,11,850,Pilot,5,2027,Low
6747,10,851,Adopted,7,2024,High
6748,11,851,Adopted,6,2028,Medium
6749,2,851,Research,5,2028,Medium
6750,6,851,Research,10,2028,Low
6751,1,851,Research,10,2025,Low
6752,8,851,Not Adopted,9,2028,Medium
6753,9,851,Research,4,2024,High
6754,12,851,Research,3,2026,Low
6755,12,852,Adopted,10,2027,Low
6756,1,852,Not Adopted,3,2028,Medium
6757,11,852,Research,10,2026,High
6758,6,852,Not Adopted,9,2024,Low
6759,7,852,Adopted,3,2024,High
6760,9,852,Adopted,7,2024,Medium
6761,2,852,Not Adopted,10,2026,Low
6762,10,852,Adopted,8,2024,Low
6763,8,852,Pilot,8,2025,Low
6764,5,853,Pilot,10,2027,Medium
6765,11,853,Adopted,4,2028,Medium
6766,4,853,Research,9,2025,High
6767,8,853,Pilot,3,2028,Low
6768,6,853,Not Adopted,6,2024,Low
6769,1,853,Not Adopted,6,2027,Medium
6770,7,853,Adopted,3,2028,Medium
6771,12,853,Adopted,3,2025,Low
6772,10,853,Research,5,2025,High
6773,7,854,Pilot,5,2024,Low
6774,3,854,Research,4,2027,Medium
6775,10,854,Pilot,8,2025,Low
6776,12,854,Not Adopted,10,2024,Medium
6777,8,854,Research,9,2026,High
6778,4,854,Adopted,8,2027,Low
6779,11,854,Not Adopted,7,2026,High
6780,5,854,Not Adopted,10,2027,High
6781,6,854,Adopted,10,2024,Medium
6782,1,854,Research,7,2027,Medium
6783,9,854,Not Adopted,3,2026,Low
6784,7,855,Research,4,2027,Low
6785,11,855,Adopted,4,2027,Low
6786,10,855,Pilot,7,2028,Medium
6787,5,855,Pilot,6,2027,Low
6788,3,855,Adopted,7,2028,Low
6789,8,855,Adopted,3,2028,Low
6790,2,855,Research,6,2024,Medium
6791,8,856,Research,4,2025,Low
6792,9,856,Research,10,2028,High
6793,1,856,Research,5,2025,High
6794,3,856,Pilot,9,2028,Low
6795,4,856,Pilot,9,2028,Low
6796,6,856,Adopted,3,2026,Low
6797,10,856,Research,7,2028,High
6798,5,856,Research,10,2028,High
6799,12,857,Adopted,4,2027,Low
6800,11,857,Pilot,8,2026,Medium
6801,8,857,Pilot,7,2026,Medium
6802,4,857,Research,6,2024,Medium
6803,3,857,Not Adopted,7,2028,Low
6804,10,857,Adopted,7,2025,Low
6805,2,857,Research,7,2028,Low
6806,9,857,Not Adopted,8,2024,Medium
6807,1,857,Not Adopted,4,2026,Low
6808,6,858,Not Adopted,6,2024,Medium
6809,5,858,Research,10,2024,High
6810,11,858,Not Adopted,10,2026,Medium
6811,9,858,Pilot,3,2027,Medium
6812,1,858,Adopted,5,2028,Low
6813,2,858,Adopted,7,2024,High
6814,10,858,Pilot,3,2027,Low
6815,4,858,Pilot,5,2026,Low
6816,12,858,Not Adopted,10,2026,High
6817,8,858,Not Adopted,6,2028,Low
6818,3,859,Pilot,7,2026,High
6819,9,859,Pilot,5,2028,Medium
6820,8,859,Pilot,4,2026,Low
6821,6,859,Adopted,5,2027,High
6822,11,859,Research,9,2027,High
6823,2,860,Pilot,9,2027,Low
6824,8,860,Not Adopted,9,2027,Medium
6825,12,860,Research,10,2025,Medium
6826,10,860,Adopted,9,2025,Low
6827,3,860,Pilot,3,2024,Low
6828,4,860,Not Adopted,5,2026,Medium
6829,5,860,Research,5,2025,High
6830,11,860,Adopted,8,2027,Medium
6831,6,860,Research,6,2027,Medium
6832,9,860,Adopted,4,2024,High
6833,2,861,Adopted,7,2028,High
6834,12,861,Research,6,2026,Low
6835,6,861,Adopted,9,2028,Medium
6836,10,861,Pilot,6,2024,High
6837,8,861,Pilot,6,2028,Medium
6838,5,861,Adopted,8,2025,Medium
6839,9,861,Not Adopted,4,2026,High
6840,7,861,Research,10,2025,Medium
6841,11,861,Adopted,7,2025,High
6842,5,862,Research,8,2025,Medium
6843,4,862,Not Adopted,10,2025,Medium
6844,12,862,Adopted,3,2025,Medium
6845,6,862,Pilot,10,2027,Low
6846,1,863,Not Adopted,9,2027,Low
6847,3,863,Research,5,2024,Low
6848,2,863,Research,6,2028,Medium
6849,10,863,Adopted,5,2027,High
6850,6,863,Pilot,10,2024,High
6851,7,863,Pilot,8,2027,Low
6852,5,863,Research,5,2027,High
6853,3,864,Not Adopted,5,2025,High
6854,7,864,Adopted,10,2027,High
6855,2,864,Pilot,6,2028,High
6856,1,864,Pilot,8,2028,High
6857,11,864,Adopted,9,2027,High
6858,4,865,Adopted,6,2024,Low
6859,7,865,Pilot,10,2025,High
6860,10,865,Research,3,2025,High
6861,1,865,Not Adopted,6,2024,High
6862,5,865,Pilot,6,2024,High
6863,3,865,Pilot,6,2028,Low
6864,2,865,Pilot,3,2024,Medium
6865,10,866,Adopted,9,2027,Medium
6866,1,866,Research,4,2027,Medium
6867,2,866,Pilot,7,2024,High
6868,7,866,Adopted,7,2027,Medium
6869,3,866,Adopted,4,2028,Medium
6870,4,866,Pilot,7,2027,Low
6871,12,866,Not Adopted,6,2027,Medium
6872,9,866,Not Adopted,4,2026,High
6873,8,866,Research,4,2025,Low
6874,6,866,Pilot,7,2027,Low
6875,9,867,Not Adopted,8,2027,Low
6876,1,867,Pilot,9,2025,Low
6877,6,867,Not Adopted,10,2024,High
6878,2,867,Pilot,5,2028,Low
6879,10,868,Not Adopted,5,2027,Low
6880,5,868,Adopted,9,2027,Low
6881,1,868,Adopted,8,2027,Low
6882,4,868,Adopted,3,2024,High
6883,3,868,Adopted,7,2024,Medium
6884,11,868,Research,4,2024,Medium
6885,6,868,Not Adopted,3,2027,Medium
6886,2,868,Not Adopted,10,2026,High
6887,9,868,Adopted,10,2025,Medium
6888,8,868,Pilot,3,2027,High
6889,7,868,Adopted,10,2028,Low
6890,12,868,Adopted,10,2026,High
6891,11,869,Research,4,2024,Medium
6892,1,869,Research,10,2027,Low
6893,3,869,Pilot,6,2026,High
6894,7,869,Not Adopted,4,2024,Low
6895,12,869,Not Adopted,3,2028,Medium
6896,2,869,Pilot,3,2028,Medium
6897,8,869,Pilot,9,2024,Medium
6898,1,870,Research,9,2024,Low
6899,9,870,Not Adopted,3,2027,Medium
6900,4,870,Research,5,2025,High
6901,5,870,Pilot,6,2028,High
6902,2,870,Not Adopted,8,2028,Medium
6903,8,870,Adopted,8,2028,High
6904,11,870,Pilot,3,2026,High
6905,12,870,Not Adopted,8,2027,Low
6906,6,870,Research,4,2028,Medium
6907,7,870,Pilot,8,2028,Medium
6908,10,870,Research,6,2028,High
6909,6,871,Pilot,6,2027,Low
6910,9,871,Adopted,8,2025,High
6911,5,871,Pilot,8,2028,Medium
6912,4,871,Adopted,9,2026,High
6913,1,871,Research,5,2024,Medium
6914,2,871,Pilot,8,2025,Low
6915,3,871,Pilot,6,2026,High
6916,7,871,Research,5,2028,High
6917,12,871,Adopted,9,2025,Low
6918,11,871,Pilot,7,2027,Low
6919,10,871,Adopted,9,2026,High
6920,8,871,Adopted,6,2026,Medium
6921,4,872,Adopted,9,2028,Medium
6922,9,872,Adopted,5,2026,High
6923,5,872,Research,7,2027,Medium
6924,10,872,Pilot,3,2026,Low
6925,3,872,Adopted,8,2028,High
6926,11,872,Pilot,8,2024,Medium
6927,1,872,Research,10,2024,Low
6928,8,872,Not Adopted,6,2025,Medium
6929,12,872,Research,6,2026,High
6930,6,872,Pilot,3,2026,Medium
6931,7,872,Research,10,2028,Low
6932,2,872,Pilot,3,2025,High
6933,7,873,Adopted,4,2024,Medium
6934,11,873,Pilot,8,2025,Medium
6935,6,873,Adopted,3,2028,Low
6936,2,873,Not Adopted,9,2024,Medium
6937,3,873,Adopted,4,2027,High
6938,9,873,Adopted,4,2024,Low
6939,10,874,Pilot,10,2026,Low
6940,3,874,Pilot,7,2026,Medium
6941,11,874,Adopted,9,2026,Low
6942,7,874,Research,6,2027,Medium
6943,9,874,Research,9,2028,Low
6944,8,875,Research,6,2026,High
6945,12,875,Not Adopted,8,2028,High
6946,1,875,Not Adopted,10,2028,Low
6947,2,875,Not Adopted,10,2026,Low
6948,5,875,Research,4,2025,Low
6949,6,875,Pilot,4,2028,Low
6950,7,875,Research,6,2028,Medium
6951,4,875,Adopted,3,2026,Medium
6952,3,875,Pilot,6,2024,Medium
6953,11,875,Research,6,2025,Low
6954,10,875,Adopted,8,2027,Medium
6955,9,876,Not Adopted,8,2025,High
6956,8,876,Not Adopted,5,2025,Low
6957,3,876,Research,5,2024,High
6958,4,876,Research,7,2028,Low
6959,12,876,Adopted,6,2025,High
6960,2,876,Pilot,6,2028,Low
6961,7,876,Research,4,2027,Low
6962,6,876,Adopted,5,2024,Low
6963,1,876,Pilot,10,2027,Low
6964,10,876,Not Adopted,9,2025,High
6965,5,876,Not Adopted,4,2024,Low
6966,11,876,Not Adopted,5,2025,Low
6967,6,877,Research,10,2027,Low
6968,12,877,Pilot,8,2028,Medium
6969,10,877,Not Adopted,8,2027,High
6970,11,877,Research,5,2027,High
6971,2,877,Adopted,6,2024,Low
6972,4,877,Adopted,4,2028,High
6973,1,877,Research,6,2025,High
6974,9,877,Research,9,2027,Medium
6975,8,877,Not Adopted,3,2026,Medium
6976,5,877,Not Adopted,6,2028,Low
6977,9,878,Not Adopted,8,2024,High
6978,10,878,Not Adopted,5,2024,Low
6979,7,878,Research,9,2025,Low
6980,3,878,Pilot,7,2024,High
6981,8,878,Pilot,4,2027,Medium
6982,2,878,Not Adopted,3,2024,Medium
6983,12,878,Pilot,3,2028,High
6984,1,878,Pilot,7,2026,High
6985,4,878,Research,6,2026,Low
6986,6,878,Research,10,2027,High
6987,1,879,Research,8,2025,Low
6988,7,879,Adopted,5,2026,High
6989,10,879,Adopted,5,2027,Medium
6990,2,879,Adopted,9,2026,Low
6991,9,879,Pilot,5,2028,Low
6992,12,880,Adopted,9,2027,Medium
6993,6,880,Not Adopted,10,2027,Low
6994,7,880,Pilot,8,2028,High
6995,4,880,Research,5,2028,Medium
6996,3,880,Research,4,2024,High
6997,9,880,Adopted,10,2027,Low
6998,11,880,Not Adopted,7,2026,High
6999,2,880,Not Adopted,5,2026,High
7000,5,881,Pilot,9,2028,Medium
7001,10,881,Research,7,2025,High
7002,3,881,Research,4,2027,Medium
7003,4,881,Adopted,6,2026,Low
7004,9,881,Not Adopted,3,2025,Medium
7005,11,881,Pilot,8,2028,High
7006,7,881,Not Adopted,5,2026,High
7007,1,881,Research,7,2024,Medium
7008,6,881,Not Adopted,5,2027,Low
7009,3,882,Adopted,9,2026,High
7010,1,882,Adopted,7,2027,Low
7011,8,882,Adopted,10,2028,High
7012,2,882,Research,3,2028,Medium
7013,10,882,Not Adopted,8,2025,High
7014,9,882,Pilot,7,2025,Medium
7015,7,882,Not Adopted,9,2028,Low
7016,5,882,Pilot,3,2024,Low
7017,12,882,Not Adopted,4,2025,Low
7018,6,882,Adopted,7,2028,High
7019,4,882,Research,9,2028,High
7020,7,883,Not Adopted,3,2024,Low
7021,8,883,Not Adopted,9,2026,High
7022,4,883,Research,9,2028,Medium
7023,10,883,Research,4,2026,Medium
7024,2,883,Adopted,6,2024,High
7025,3,883,Adopted,10,2026,Low
7026,9,884,Research,10,2028,Low
7027,2,884,Adopted,7,2028,High
7028,5,884,Not Adopted,5,2026,Medium
7029,7,884,Not Adopted,4,2026,High
7030,7,885,Research,3,2027,High
7031,4,885,Adopted,7,2027,Medium
7032,6,885,Research,7,2027,Medium
7033,5,885,Pilot,10,2026,Medium
7034,2,885,Research,3,2025,Low
7035,12,885,Adopted,4,2024,Low
7036,8,885,Adopted,6,2028,Medium
7037,1,885,Pilot,5,2025,Low
7038,9,885,Not Adopted,6,2025,High
7039,3,885,Pilot,5,2026,High
7040,11,885,Research,6,2024,Medium
7041,2,886,Not Adopted,5,2024,Low
7042,3,886,Not Adopted,6,2028,Medium
7043,7,886,Adopted,3,2028,Medium
7044,6,886,Pilot,3,2027,Low
7045,5,886,Adopted,6,2027,Low
7046,9,886,Not Adopted,8,2028,High
7047,11,886,Adopted,6,2027,High
7048,1,886,Pilot,6,2026,Medium
7049,10,886,Adopted,4,2028,Low
7050,8,886,Pilot,6,2025,Medium
7051,3,887,Adopted,10,2024,High
7052,7,887,Research,10,2025,High
7053,6,887,Research,6,2025,High
7054,9,887,Not Adopted,4,2024,Medium
7055,12,887,Adopted,9,2026,Medium
7056,10,887,Adopted,7,2026,High
7057,9,888,Adopted,3,2027,Low
7058,1,888,Pilot,6,2025,Medium
7059,6,888,Not Adopted,9,2025,High
7060,7,888,Not Adopted,3,2028,Medium
7061,10,888,Not Adopted,4,2026,Low
7062,4,888,Research,10,2024,High
7063,6,889,Not Adopted,8,2026,Medium
7064,2,889,Research,8,2027,Medium
7065,1,889,Adopted,6,2027,Medium
7066,3,889,Not Adopted,5,2025,Low
7067,11,889,Pilot,10,2024,High
7068,12,890,Adopted,6,2026,High
7069,8,890,Not Adopted,3,2028,Medium
7070,3,890,Not Adopted,9,2026,High
7071,1,890,Research,10,2028,High
7072,11,890,Pilot,4,2024,Low
7073,2,890,Not Adopted,4,2025,Medium
7074,4,890,Adopted,9,2025,High
7075,9,890,Adopted,6,2027,Medium
7076,7,890,Adopted,8,2027,Medium
7077,5,890,Research,8,2025,Low
7078,10,890,Adopted,9,2027,Low
7079,6,890,Not Adopted,7,2024,High
7080,10,891,Not Adopted,5,2024,Low
7081,4,891,Not Adopted,4,2027,High
7082,7,891,Adopted,9,2028,Medium
7083,5,891,Research,6,2028,Low
7084,11,891,Adopted,3,2027,Low
7085,1,891,Pilot,3,2024,Low
7086,6,891,Adopted,6,2025,Medium
7087,8,891,Research,7,2026,Medium
7088,3,891,Pilot,4,2025,Low
7089,12,891,Pilot,9,2028,Medium
7090,2,891,Adopted,10,2027,Medium
7091,5,892,Adopted,6,2025,Medium
7092,1,892,Not Adopted,5,2025,Low
7093,8,892,Adopted,4,2024,Medium
7094,4,892,Research,6,2027,High
7095,12,892,Research,6,2026,Medium
7096,2,892,Not Adopted,9,2024,High
7097,9,892,Research,5,2024,Medium
7098,3,893,Research,9,2025,Low
7099,11,893,Research,9,2026,High
7100,7,893,Research,10,2027,Low
7101,5,893,Pilot,9,2025,Low
7102,9,894,Research,10,2028,Medium
7103,7,894,Adopted,7,2025,Medium
7104,10,894,Adopted,6,2028,Medium
7105,1,894,Not Adopted,6,2027,Low
7106,7,895,Not Adopted,3,2024,High
7107,5,895,Pilot,8,2028,Low
7108,2,895,Research,5,2024,Medium
7109,6,895,Pilot,8,2028,Medium
7110,11,895,Not Adopted,9,2026,High
7111,3,895,Pilot,7,2025,High
7112,9,895,Adopted,7,2025,Low
7113,10,895,Research,9,2027,Low
7114,12,895,Adopted,7,2028,High
7115,8,895,Pilot,4,2027,Low
7116,1,895,Adopted,8,2027,Medium
7117,4,895,Research,5,2024,High
7118,4,896,Not Adopted,3,2026,Medium
7119,5,896,Adopted,5,2026,Medium
7120,9,896,Pilot,7,2027,Low
7121,6,896,Research,5,2026,Medium
7122,3,896,Research,5,2028,High
7123,7,896,Research,6,2024,Medium
7124,2,896,Adopted,8,2025,Medium
7125,12,896,Adopted,4,2024,Medium
7126,8,896,Adopted,7,2025,Medium
7127,11,896,Research,7,2025,High
7128,1,896,Research,5,2026,High
7129,10,896,Not Adopted,8,2024,High
7130,10,897,Adopted,3,2028,Low
7131,6,897,Adopted,5,2025,Low
7132,8,897,Pilot,5,2027,Medium
7133,2,897,Not Adopted,9,2027,High
7134,11,897,Pilot,10,2025,Medium
7135,12,897,Pilot,6,2028,Medium
7136,2,898,Research,4,2026,Medium
7137,11,898,Adopted,9,2026,High
7138,12,898,Pilot,9,2026,Low
7139,3,898,Adopted,6,2025,High
7140,4,898,Adopted,8,2025,Medium
7141,8,898,Research,6,2025,High
7142,5,898,Pilot,8,2027,Low
7143,9,898,Research,6,2025,Low
7144,1,898,Pilot,10,2028,Low
7145,12,899,Pilot,5,2025,High
7146,7,899,Research,7,2026,Medium
7147,11,899,Pilot,4,2027,Medium
7148,10,899,Not Adopted,4,2028,Medium
7149,4,899,Adopted,3,2024,Low
7150,8,899,Adopted,6,2026,Low
7151,3,899,Not Adopted,9,2025,Medium
7152,6,899,Pilot,10,2028,High
7153,1,899,Research,8,2027,Medium
7154,9,899,Not Adopted,4,2027,Medium
7155,2,900,Not Adopted,7,2024,High
7156,3,900,Adopted,8,2028,Low
7157,7,900,Research,6,2028,High
7158,9,900,Adopted,10,2028,High
7159,6,900,Adopted,10,2026,High
7160,12,900,Adopted,7,2028,Low
7161,4,900,Not Adopted,7,2026,Medium
7162,5,900,Research,6,2025,High
7163,8,900,Pilot,6,2024,High
7164,10,900,Pilot,7,2028,Medium
7165,1,900,Not Adopted,10,2025,Low
7166,5,901,Pilot,8,2027,High
7167,2,901,Pilot,3,2026,Medium
7168,12,901,Adopted,5,2026,High
7169,11,901,Not Adopted,10,2024,High
7170,7,901,Not Adopted,10,2027,High
7171,9,901,Research,6,2026,Medium
7172,10,901,Adopted,6,2024,High
7173,8,901,Not Adopted,6,2027,Low
7174,11,902,Research,4,2025,Medium
7175,5,902,Adopted,6,2024,Medium
7176,2,902,Adopted,10,2028,Low
7177,9,902,Research,5,2027,Low
7178,7,902,Pilot,4,2024,Medium
7179,1,902,Not Adopted,7,2028,High
7180,10,902,Adopted,4,2024,Low
7181,12,903,Not Adopted,7,2026,High
7182,10,903,Adopted,6,2027,Low
7183,8,903,Adopted,7,2026,Medium
7184,6,903,Pilot,5,2025,Low
7185,2,903,Adopted,8,2028,Medium
7186,9,903,Research,7,2028,Low
7187,1,903,Not Adopted,6,2025,Low
7188,11,903,Adopted,3,2024,High
7189,7,903,Pilot,10,2028,Low
7190,3,903,Pilot,10,2024,Medium
7191,4,903,Adopted,7,2028,Low
7192,5,903,Adopted,3,2024,Low
7193,6,904,Not Adopted,9,2027,Low
7194,7,904,Pilot,7,2025,Low
7195,3,904,Not Adopted,4,2028,Medium
7196,8,904,Adopted,8,2025,Low
7197,11,904,Research,4,2026,Low
7198,1,905,Pilot,4,2025,Low
7199,2,905,Pilot,9,2026,High
7200,3,905,Research,10,2026,Medium
7201,10,905,Research,9,2025,Medium
7202,11,905,Research,4,2027,High
7203,12,905,Pilot,7,2027,High
7204,8,905,Adopted,6,2027,Medium
7205,7,905,Not Adopted,6,2026,High
7206,9,905,Not Adopted,10,2028,Low
7207,3,906,Not Adopted,4,2028,High
7208,11,906,Adopted,10,2024,High
7209,12,906,Adopted,9,2025,High
7210,9,906,Research,9,2026,High
7211,1,906,Pilot,3,2026,Medium
7212,7,906,Pilot,7,2024,High
7213,6,906,Not Adopted,8,2025,Low
7214,2,906,Adopted,5,2025,Low
7215,11,907,Adopted,6,2025,Medium
7216,1,907,Pilot,10,2025,High
7217,9,907,Adopted,5,2028,Medium
7218,2,907,Research,5,2028,Medium
7219,6,908,Research,6,2026,Low
7220,8,908,Pilot,6,2025,Medium
7221,12,908,Pilot,9,2025,Medium
7222,4,908,Research,10,2028,High
7223,5,908,Adopted,3,2027,Medium
7224,10,908,Adopted,4,2026,Medium
7225,7,908,Research,9,2024,Low
7226,1,908,Pilot,10,2024,Medium
7227,11,908,Research,4,2025,Medium
7228,2,908,Adopted,4,2026,Low
7229,12,909,Research,10,2025,Low
7230,6,909,Not Adopted,4,2024,Medium
7231,8,909,Research,8,2025,High
7232,4,909,Not Adopted,7,2024,High
7233,1,910,Pilot,10,2024,High
7234,11,910,Pilot,10,2025,High
7235,9,910,Research,6,2027,High
7236,3,910,Research,9,2024,Low
7237,3,911,Not Adopted,3,2027,Low
7238,8,911,Research,10,2025,High
7239,6,911,Adopted,8,2026,High
7240,9,911,Adopted,8,2027,High
7241,7,911,Research,9,2025,Medium
7242,4,911,Research,4,2024,Low
7243,5,911,Pilot,4,2028,Medium
7244,10,911,Pilot,3,2027,Medium
7245,5,912,Research,10,2024,Medium
7246,12,912,Not Adopted,3,2024,High
7247,11,912,Research,6,2025,Low
7248,8,912,Research,8,2027,High
7249,10,912,Pilot,4,2026,High
7250,3,912,Research,3,2025,High
7251,7,912,Adopted,9,2027,High
7252,2,912,Research,9,2028,Medium
7253,9,912,Not Adopted,9,2027,High
7254,4,912,Research,8,2028,High
7255,1,912,Not Adopted,6,2026,Medium
7256,6,912,Research,6,2027,High
7257,7,913,Pilot,9,2024,Medium
7258,3,913,Not Adopted,3,2028,High
7259,2,913,Adopted,10,2025,High
7260,8,913,Pilot,10,2025,Low
7261,12,913,Pilot,3,2024,High
7262,6,913,Research,4,2026,High
7263,1,913,Adopted,4,2026,Medium
7264,9,913,Pilot,7,2024,Low
7265,11,913,Pilot,10,2024,Medium
7266,4,913,Research,7,2025,Low
7267,11,914,Pilot,4,2027,High
7268,12,914,Adopted,9,2028,High
7269,10,914,Pilot,3,2027,Low
7270,1,914,Pilot,10,2028,High
7271,3,914,Pilot,10,2027,Medium
7272,7,914,Pilot,7,2024,High
7273,9,914,Research,3,2026,High
7274,8,914,Adopted,7,2025,Medium
7275,4,915,Not Adopted,4,2026,High
7276,2,915,Not Adopted,4,2024,High
7277,7,915,Not Adopted,8,2024,Low
7278,3,915,Not Adopted,8,2024,High
7279,9,915,Adopted,10,2026,High
7280,12,915,Adopted,5,2026,High
7281,1,915,Adopted,4,2026,Low
7282,6,915,Research,10,2025,High
7283,10,915,Research,4,2028,High
7284,5,915,Adopted,3,2027,High
7285,11,915,Not Adopted,10,2026,Medium
7286,8,915,Adopted,6,2028,Medium
7287,11,916,Not Adopted,8,2027,Medium
7288,3,916,Adopted,5,2028,Low
7289,2,916,Adopted,3,2026,High
7290,7,916,Not Adopted,4,2027,Low
7291,1,916,Research,6,2026,High
7292,4,916,Research,7,2027,Medium
7293,8,916,Adopted,6,2025,High
7294,5,916,Adopted,6,2026,Low
7295,6,916,Pilot,3,2028,Low
7296,12,917,Adopted,5,2024,Low
7297,5,917,Not Adopted,9,2028,High
7298,10,917,Research,7,2027,Low
7299,9,917,Not Adopted,7,2026,Medium
7300,10,918,Not Adopted,10,2027,Medium
7301,1,918,Not Adopted,4,2028,Low
7302,6,918,Research,10,2026,Low
7303,7,918,Adopted,6,2028,Low
7304,5,918,Pilot,4,2024,Medium
7305,3,919,Not Adopted,6,2027,Medium
7306,12,919,Pilot,8,2027,Low
7307,8,919,Research,7,2027,Medium
7308,11,919,Pilot,3,2025,Low
7309,9,919,Pilot,4,2024,High
7310,10,919,Research,5,2024,Medium
7311,4,920,Adopted,3,2026,Low
7312,9,920,Research,9,2026,Medium
7313,7,920,Adopted,6,2026,Medium
7314,12,920,Adopted,9,2028,Medium
7315,1,920,Not Adopted,10,2025,Medium
7316,8,920,Adopted,9,2028,Medium
7317,8,921,Research,10,2028,Medium
7318,7,921,Research,7,2024,High
7319,4,921,Pilot,6,2027,Low
7320,12,921,Not Adopted,5,2024,Low
7321,9,922,Pilot,6,2024,Low
7322,6,922,Not Adopted,10,2028,Low
7323,1,922,Pilot,4,2028,High
7324,3,922,Not Adopted,4,2027,High
7325,11,922,Not Adopted,10,2025,Low
7326,8,923,Not Adopted,5,2026,Medium
7327,5,923,Research,4,2027,High
7328,3,923,Pilot,8,2025,High
7329,7,923,Research,4,2025,Medium
7330,11,923,Pilot,4,2027,Low
7331,9,923,Research,3,2026,Medium
7332,6,923,Pilot,3,2027,Low
7333,12,923,Pilot,3,2024,Medium
7334,10,923,Pilot,4,2026,High
7335,2,923,Pilot,4,2026,Low
7336,11,924,Not Adopted,8,2025,Medium
7337,1,924,Research,5,2028,High
7338,8,924,Research,6,2027,High
7339,2,924,Not Adopted,4,2028,Medium
7340,10,924,Research,9,2027,High
7341,3,924,Adopted,6,2027,Medium
7342,7,924,Not Adopted,4,2028,High
7343,5,924,Pilot,6,2028,Medium
7344,12,924,Adopted,7,2028,Low
7345,9,924,Pilot,7,2024,Low
7346,10,925,Pilot,5,2024,High
7347,4,925,Pilot,6,2027,High
7348,3,925,Adopted,9,2028,Medium
7349,2,925,Not Adopted,9,2025,High
7350,1,925,Adopted,9,2027,High
7351,11,925,Research,6,2025,High
7352,9,925,Pilot,3,2026,Medium
7353,5,925,Adopted,3,2028,High
7354,8,925,Not Adopted,3,2028,Medium
7355,12,925,Adopted,7,2026,High
7356,7,925,Not Adopted,4,2026,Low
7357,6,925,Pilot,6,2028,High
7358,1,926,Research,6,2028,Low
7359,4,926,Not Adopted,7,2028,Medium
7360,2,926,Adopted,8,2024,High
7361,12,926,Research,6,2028,High
7362,9,926,Not Adopted,8,2025,Low
7363,10,926,Adopted,3,2025,High
7364,5,926,Pilot,9,2025,Low
7365,7,926,Pilot,7,2028,Medium
7366,8,926,Adopted,6,2024,High
7367,3,926,Pilot,7,2028,High
7368,11,926,Research,8,2028,Low
7369,2,927,Not Adopted,5,2025,Medium
7370,6,927,Pilot,6,2027,Low
7371,1,927,Adopted,6,2026,Low
7372,8,927,Not Adopted,10,2025,High
7373,7,927,Adopted,4,2026,Medium
7374,9,927,Research,6,2028,High
7375,11,927,Pilot,10,2028,Low
7376,10,927,Pilot,10,2025,High
7377,12,927,Research,9,2028,Medium
7378,2,928,Adopted,5,2026,High
7379,5,928,Not Adopted,5,2025,High
7380,10,928,Adopted,4,2024,High
7381,9,928,Adopted,8,2025,Low
7382,11,928,Not Adopted,10,2026,High
7383,4,928,Pilot,7,2028,High
7384,7,928,Not Adopted,9,2026,High
7385,12,928,Pilot,9,2027,High
7386,8,928,Research,4,2025,Low
7387,1,928,Not Adopted,10,2027,Low
7388,5,929,Research,3,2026,High
7389,9,929,Not Adopted,9,2026,Medium
7390,8,929,Adopted,5,2026,Low
7391,10,929,Pilot,6,2028,Low
7392,6,929,Not Adopted,6,2028,Medium
7393,2,929,Pilot,5,2025,Medium
7394,7,930,Pilot,3,2026,Medium
7395,2,930,Not Adopted,5,2024,Medium
7396,1,930,Adopted,4,2027,High
7397,4,930,Adopted,6,2028,Low
7398,3,930,Adopted,7,2027,High
7399,6,930,Research,7,2027,Low
7400,9,930,Research,4,2025,Medium
7401,11,931,Pilot,10,2026,Low
7402,12,931,Research,8,2027,Low
7403,5,931,Adopted,6,2027,Low
7404,2,931,Pilot,8,2026,Medium
7405,8,931,Pilot,10,2024,Medium
7406,1,931,Pilot,10,2027,Medium
7407,4,931,Pilot,8,2025,Medium
7408,10,931,Not Adopted,7,2026,High
7409,6,931,Pilot,3,2026,Medium
7410,9,931,Pilot,6,2028,Low
7411,12,932,Adopted,4,2026,Medium
7412,8,932,Not Adopted,8,2025,Low
7413,5,932,Research,3,2024,High
7414,11,932,Research,10,2027,Low
7415,7,932,Pilot,7,2024,High
7416,6,932,Pilot,5,2025,Medium
7417,4,933,Not Adopted,8,2025,High
7418,6,933,Research,8,2026,High
7419,12,933,Adopted,9,2027,Low
7420,9,933,Not Adopted,10,2026,Low
7421,10,933,Adopted,6,2025,Medium
7422,2,933,Not Adopted,4,2024,High
7423,8,933,Research,10,2027,Low
7424,7,933,Adopted,5,2025,Low
7425,5,933,Research,8,2025,Low
7426,11,933,Research,6,2026,High
7427,9,934,Not Adopted,7,2026,Low
7428,1,934,Pilot,7,2025,Medium
7429,7,934,Pilot,5,2025,High
7430,5,934,Pilot,5,2026,Low
7431,10,934,Not Adopted,3,2027,Low
7432,11,934,Pilot,4,2028,Low
7433,3,934,Pilot,7,2025,Low
7434,2,934,Research,3,2024,Low
7435,6,934,Pilot,8,2025,High
7436,4,934,Pilot,10,2024,Medium
7437,12,934,Research,9,2028,Medium
7438,8,935,Adopted,5,2026,Medium
7439,9,935,Research,7,2024,Low
7440,7,935,Research,10,2025,High
7441,1,935,Research,4,2027,Low
7442,10,935,Not Adopted,8,2028,High
7443,12,935,Pilot,5,2024,High
7444,2,935,Research,7,2024,Low
7445,11,936,Not Adopted,10,2026,Medium
7446,12,936,Adopted,3,2028,Medium
7447,6,936,Pilot,3,2026,High
7448,1,936,Adopted,5,2026,Low
7449,3,936,Not Adopted,6,2024,Medium
7450,5,937,Pilot,7,2024,High
7451,2,937,Adopted,9,2027,High
7452,10,937,Not Adopted,5,2028,High
7453,12,937,Pilot,3,2027,Medium
7454,9,937,Pilot,10,2025,Medium
7455,4,937,Adopted,8,2028,Low
7456,3,937,Pilot,6,2028,High
7457,1,937,Adopted,8,2028,Low
7458,6,937,Research,5,2026,High
7459,7,937,Research,6,2024,Medium
7460,11,937,Adopted,6,2028,Low
7461,12,938,Adopted,5,2028,High
7462,8,938,Pilot,5,2028,Medium
7463,2,938,Not Adopted,3,2028,High
7464,5,938,Adopted,7,2027,High
7465,3,938,Not Adopted,4,2025,Medium
7466,1,939,Adopted,4,2025,Medium
7467,10,939,Research,6,2028,High
7468,2,939,Research,9,2026,Medium
7469,9,939,Pilot,10,2027,High
7470,12,939,Adopted,10,2026,Medium
7471,1,940,Pilot,5,2028,Medium
7472,3,940,Adopted,6,2025,High
7473,12,940,Not Adopted,10,2028,High
7474,8,940,Research,7,2025,Medium
7475,7,940,Adopted,9,2027,High
7476,11,941,Research,4,2027,Medium
7477,3,941,Not Adopted,3,2025,Medium
7478,4,941,Not Adopted,4,2028,Low
7479,9,941,Not Adopted,6,2026,Medium
7480,2,941,Research,6,2024,High
7481,1,941,Research,5,2025,Medium
7482,7,942,Adopted,9,2026,Medium
7483,9,942,Research,8,2024,High
7484,11,942,Pilot,10,2025,Low
7485,8,942,Adopted,3,2025,High
7486,12,942,Pilot,7,2028,Medium
7487,6,942,Not Adopted,7,2027,Medium
7488,2,942,Research,7,2028,High
7489,1,942,Adopted,7,2026,Medium
7490,10,943,Research,5,2025,Low
7491,3,943,Pilot,6,2025,High
7492,4,943,Adopted,5,2027,High
7493,7,943,Adopted,8,2024,Low
7494,12,943,Not Adopted,8,2026,High
7495,11,943,Adopted,8,2024,High
7496,9,943,Adopted,8,2027,High
7497,6,944,Not Adopted,4,2027,Low
7498,7,944,Not Adopted,6,2028,Medium
7499,4,944,Pilot,8,2025,Low
7500,5,944,Not Adopted,5,2027,Low
7501,2,944,Adopted,10,2024,Low
7502,8,944,Research,6,2028,Low
7503,12,944,Research,5,2026,Medium
7504,11,944,Research,4,2028,Medium
7505,10,944,Research,7,2027,Medium
7506,6,945,Adopted,9,2025,Medium
7507,11,945,Pilot,3,2026,Low
7508,8,945,Research,9,2026,Low
7509,1,945,Pilot,7,2027,Low
7510,5,945,Not Adopted,5,2026,Medium
7511,1,946,Pilot,9,2025,Medium
7512,2,946,Research,7,2024,Medium
7513,11,946,Research,4,2027,High
7514,10,946,Adopted,3,2024,Medium
7515,12,946,Research,7,2024,Low
7516,3,946,Pilot,9,2028,Low
7517,6,947,Research,6,2027,Medium
7518,11,947,Adopted,9,2024,High
7519,5,947,Pilot,6,2026,Medium
7520,12,947,Not Adopted,9,2026,High
7521,12,948,Research,7,2026,High
7522,10,948,Pilot,6,2025,Medium
7523,5,948,Pilot,5,2025,Medium
7524,6,948,Pilot,4,2027,Medium
7525,1,948,Pilot,9,2028,Medium
7526,7,949,Not Adopted,6,2025,Low
7527,4,949,Not Adopted,9,2028,High
7528,12,949,Not Adopted,9,2028,Low
7529,8,949,Pilot,6,2026,Low
7530,2,949,Adopted,9,2027,Low
7531,1,949,Research,7,2025,Medium
7532,5,949,Not Adopted,8,2026,Low
7533,4,950,Research,9,2025,High
7534,2,950,Not Adopted,7,2026,High
7535,9,950,Pilot,7,2024,Low
7536,12,950,Research,8,2026,High
7537,1,950,Pilot,8,2025,Low
7538,6,950,Pilot,4,2027,Medium
7539,5,951,Not Adopted,9,2026,High
7540,3,951,Pilot,5,2024,Medium
7541,12,951,Adopted,3,2025,Low
7542,8,951,Research,8,2028,High
7543,6,952,Not Adopted,7,2027,High
7544,9,952,Research,4,2026,Low
7545,12,952,Pilot,6,2026,Medium
7546,1,952,Pilot,8,2025,High
7547,9,953,Research,10,2026,Medium
7548,8,953,Pilot,8,2024,Medium
7549,1,953,Adopted,5,2026,High
7550,4,953,Pilot,10,2024,Medium
7551,2,953,Research,7,2024,High
7552,5,953,Research,10,2025,High
7553,3,953,Not Adopted,9,2027,Low
7554,6,953,Adopted,7,2027,Medium
7555,7,953,Adopted,7,2028,High
7556,12,953,Not Adopted,10,2028,Medium
7557,6,954,Adopted,3,2028,High
7558,1,954,Not Adopted,8,2028,Low
7559,8,954,Pilot,7,2025,High
7560,5,954,Adopted,6,2025,Medium
7561,3,954,Pilot,8,2027,Low
7562,10,954,Not Adopted,6,2028,Low
7563,10,955,Adopted,4,2027,Low
7564,2,955,Pilot,10,2026,High
7565,8,955,Adopted,3,2024,Medium
7566,11,955,Adopted,3,2025,Medium
7567,6,955,Research,10,2024,Low
7568,3,956,Pilot,9,2027,Low
7569,1,956,Pilot,7,2025,Medium
7570,5,956,Adopted,5,2025,High
7571,10,956,Not Adopted,9,2026,Medium
7572,8,956,Not Adopted,6,2028,High
7573,2,956,Not Adopted,6,2026,Medium
7574,4,957,Research,5,2028,Medium
7575,1,957,Pilot,4,2028,Low
7576,11,957,Research,6,2027,Medium
7577,12,957,Not Adopted,10,2024,Medium
7578,3,957,Adopted,3,2026,High
7579,8,957,Pilot,6,2024,Medium
7580,7,958,Not Adopted,9,2027,Low
7581,4,958,Not Adopted,9,2026,Medium
7582,12,958,Adopted,4,2027,Medium
7583,5,958,Not Adopted,8,2026,High
7584,3,958,Research,6,2028,Medium
7585,9,958,Not Adopted,5,2028,High
7586,10,958,Pilot,8,2024,High
7587,6,958,Adopted,6,2028,Low
7588,11,958,Pilot,8,2025,High
7589,8,958,Pilot,6,2026,Low
7590,5,959,Not Adopted,7,2026,Medium
7591,7,959,Pilot,7,2028,High
7592,4,959,Research,4,2024,High
7593,8,959,Adopted,8,2024,Medium
7594,10,959,Not Adopted,4,2025,Medium
7595,7,960,Research,10,2028,Low
7596,6,960,Pilot,3,2028,Low
7597,2,960,Research,7,2024,High
7598,9,960,Not Adopted,8,2027,Medium
7599,12,960,Not Adopted,7,2025,Medium
7600,11,960,Adopted,7,2026,High
7601,1,960,Research,5,2027,Low
7602,10,961,Research,4,2024,High
7603,6,961,Research,4,2024,Medium
7604,9,961,Research,7,2028,Medium
7605,4,961,Research,7,2024,High
7606,7,961,Adopted,9,2024,High
7607,11,961,Adopted,9,2028,Low
7608,5,961,Not Adopted,7,2027,Low
7609,6,962,Not Adopted,7,2024,Medium
7610,11,962,Research,5,2025,Medium
7611,9,962,Pilot,4,2027,High
7612,1,962,Not Adopted,7,2024,Medium
7613,5,962,Not Adopted,5,2027,Medium
7614,12,962,Not Adopted,3,2027,High
7615,4,962,Pilot,9,2024,Medium
7616,8,962,Research,6,2028,Medium
7617,3,962,Adopted,9,2026,Medium
7618,5,963,Adopted,9,2026,High
7619,8,963,Not Adopted,4,2026,Low
7620,11,963,Research,9,2024,Low
7621,9,963,Not Adopted,7,2025,Low
7622,7,964,Research,4,2024,Low
7623,2,964,Pilot,7,2027,Low
7624,11,964,Research,9,2024,Low
7625,3,964,Pilot,3,2028,Low
7626,2,965,Not Adopted,4,2026,High
7627,8,965,Research,3,2024,Medium
7628,10,965,Not Adopted,6,2024,High
7629,11,965,Pilot,6,2028,Low
7630,4,965,Research,3,2026,Low
7631,7,966,Pilot,8,2027,Medium
7632,4,966,Not Adopted,7,2024,Medium
7633,10,966,Pilot,9,2025,Low
7634,11,966,Adopted,5,2025,Medium
7635,5,966,Research,9,2025,Medium
7636,3,966,Not Adopted,3,2024,High
7637,2,966,Not Adopted,5,2025,Low
7638,6,967,Pilot,9,2027,Medium
7639,9,967,Not Adopted,5,2024,High
7640,1,967,Pilot,8,2024,High
7641,7,967,Not Adopted,4,2028,High
7642,4,967,Pilot,4,2024,Low
7643,10,967,Not Adopted,9,2026,Low
7644,3,967,Not Adopted,8,2028,Medium
7645,2,967,Not Adopted,7,2026,Low
7646,5,967,Adopted,10,2025,Medium
7647,12,967,Not Adopted,7,2025,Low
7648,2,968,Adopted,8,2026,Medium
7649,6,968,Pilot,5,2024,Medium
7650,12,968,Pilot,8,2027,Medium
7651,7,968,Adopted,9,2026,High
7652,9,969,Research,3,2025,Low
7653,6,969,Pilot,4,2024,High
7654,3,969,Not Adopted,9,2025,Medium
7655,4,969,Pilot,4,2026,High
7656,8,969,Research,3,2028,Low
7657,2,969,Adopted,9,2026,Low
7658,10,969,Research,4,2024,Low
7659,3,970,Pilot,7,2027,High
7660,6,970,Pilot,5,2025,High
7661,4,970,Adopted,4,2026,Medium
7662,10,970,Research,10,2024,Low
7663,11,970,Not Adopted,10,2026,Medium
7664,7,970,Research,8,2025,Low
7665,5,970,Adopted,4,2025,High
7666,2,970,Pilot,4,2025,Medium
7667,11,971,Adopted,3,2025,Medium
7668,9,971,Not Adopted,10,2024,Medium
7669,3,971,Not Adopted,10,2024,Low
7670,5,971,Not Adopted,6,2024,Medium
7671,2,971,Adopted,7,2028,High
7672,7,971,Adopted,8,2026,Low
7673,10,971,Research,7,2024,Low
7674,1,971,Pilot,4,2025,High
7675,4,971,Adopted,5,2028,High
7676,1,972,Pilot,10,2027,Medium
7677,9,972,Pilot,6,2026,Medium
7678,8,972,Pilot,5,2027,High
7679,12,972,Pilot,9,2028,Medium
7680,10,972,Not Adopted,3,2028,Low
7681,11,972,Adopted,5,2026,Low
7682,7,972,Adopted,3,2026,Low
7683,3,972,Pilot,9,2027,Low
7684,4,972,Adopted,3,2025,Medium
7685,2,972,Adopted,9,2025,Medium
7686,5,972,Adopted,7,2028,Medium
7687,6,972,Adopted,6,2025,Medium
7688,8,973,Research,6,2027,Low
7689,2,973,Not Adopted,6,2026,High
7690,10,973,Not Adopted,10,2026,Low
7691,1,973,Pilot,3,2024,High
7692,12,973,Research,4,2026,High
7693,2,974,Adopted,7,2026,Medium
7694,1,974,Adopted,9,2024,Low
7695,6,974,Not Adopted,9,2025,Low
7696,3,974,Adopted,9,2027,Medium
7697,4,974,Not Adopted,6,2025,Medium
7698,11,974,Research,6,2024,Low
7699,8,974,Research,4,2025,High
7700,5,974,Pilot,4,2027,High
7701,3,975,Research,5,2028,Medium
7702,9,975,Pilot,6,2024,Medium
7703,12,975,Research,4,2027,Medium
7704,2,975,Not Adopted,5,2026,High
7705,7,975,Pilot,10,2028,High
7706,12,976,Pilot,7,2028,Low
7707,7,976,Pilot,6,2026,Low
7708,10,976,Not Adopted,3,2026,Low
7709,3,976,Not Adopted,3,2026,Medium
7710,6,976,Pilot,5,2028,Medium
7711,8,976,Research,6,2025,Medium
7712,9,976,Research,5,2026,Low
7713,2,976,Research,6,2026,High
7714,2,977,Adopted,5,2027,High
7715,11,977,Not Adopted,9,2025,High
7716,6,977,Adopted,5,2028,Medium
7717,1,977,Not Adopted,3,2026,Medium
7718,12,977,Adopted,10,2028,Medium
7719,10,977,Research,10,2027,Medium
7720,4,977,Pilot,7,2025,Medium
7721,5,977,Research,5,2028,High
7722,8,977,Research,10,2026,High
7723,3,977,Research,8,2024,Medium
7724,7,977,Pilot,5,2027,Low
7725,5,978,Pilot,5,2025,Medium
7726,3,978,Not Adopted,10,2025,Medium
7727,8,978,Research,10,2026,Medium
7728,4,978,Pilot,9,2026,Medium
7729,11,978,Not Adopted,4,2027,High
7730,1,978,Adopted,6,2025,Medium
7731,10,978,Research,3,2025,Medium
7732,11,979,Adopted,10,2026,Low
7733,3,979,Pilot,9,2028,Low
7734,7,979,Adopted,6,2025,Medium
7735,12,979,Adopted,8,2025,Low
7736,2,979,Research,3,2026,Low
7737,8,979,Adopted,9,2025,Low
7738,6,979,Research,10,2028,Medium
7739,1,979,Adopted,3,2024,Medium
7740,5,979,Not Adopted,3,2027,Medium
7741,9,979,Not Adopted,5,2025,Low
7742,10,979,Pilot,3,2027,High
7743,4,979,Pilot,7,2027,Low
7744,4,980,Research,7,2024,Medium
7745,11,980,Research,3,2025,Low
7746,7,980,Adopted,3,2025,Low
7747,9,980,Not Adopted,9,2026,Medium
7748,8,980,Not Adopted,10,2026,High
7749,10,980,Adopted,3,2027,High
7750,2,981,Research,3,2027,Low
7751,6,981,Adopted,6,2024,Medium
7752,1,981,Not Adopted,10,2025,Low
7753,7,981,Pilot,6,2024,Medium
7754,5,981,Adopted,10,2025,Medium
7755,12,981,Research,10,2027,Low
7756,9,981,Not Adopted,6,2027,High
7757,8,981,Not Adopted,4,2026,High
7758,4,981,Not Adopted,3,2025,Low
7759,11,981,Not Adopted,7,2024,Low
7760,10,981,Research,4,2026,Low
7761,10,982,Pilot,6,2027,Low
7762,11,982,Research,4,2024,High
7763,1,982,Adopted,7,2026,Medium
7764,12,982,Not Adopted,9,2024,Medium
7765,8,982,Research,10,2027,Medium
7766,9,982,Pilot,9,2026,High
7767,5,982,Pilot,10,2028,Low
7768,2,982,Not Adopted,5,2025,High
7769,6,982,Not Adopted,4,2025,Medium
7770,7,982,Pilot,7,2024,High
7771,5,983,Not Adopted,3,2024,Low
7772,1,983,Adopted,8,2025,Medium
7773,2,983,Adopted,3,2025,Low
7774,10,983,Not Adopted,7,2025,High
7775,9,983,Research,6,2028,High
7776,12,983,Not Adopted,5,2027,Low
7777,7,983,Pilot,3,2024,Low
7778,9,984,Pilot,8,2026,High
7779,4,984,Adopted,10,2027,Low
7780,3,984,Pilot,8,2028,Medium
7781,5,984,Not Adopted,10,2028,Low
7782,1,984,Research,8,2026,Low
7783,12,984,Not Adopted,5,2025,High
7784,5,985,Pilot,5,2024,Medium
7785,11,985,Research,7,2026,Low
7786,10,985,Adopted,7,2024,High
7787,9,985,Pilot,3,2026,Low
7788,12,985,Not Adopted,9,2025,Medium
7789,4,985,Research,6,2024,Low
7790,6,985,Research,8,2027,Low
7791,7,985,Research,5,2025,Low
7792,1,985,Not Adopted,7,2024,Low
7793,2,985,Adopted,10,2027,High
7794,3,985,Pilot,10,2025,Low
7795,8,985,Pilot,6,2027,Low
7796,6,986,Pilot,8,2024,High
7797,1,986,Pilot,6,2025,Medium
7798,10,986,Not Adopted,9,2024,Low
7799,2,986,Adopted,9,2025,Low
7800,8,986,Not Adopted,9,2026,Low
7801,3,986,Adopted,6,2028,High
7802,12,986,Pilot,5,2025,Medium
7803,11,986,Research,9,2025,Medium
7804,9,986,Research,10,2024,Low
7805,5,986,Adopted,4,2028,High
7806,3,987,Pilot,7,2028,Low
7807,8,987,Pilot,6,2028,High
7808,12,987,Pilot,6,2024,High
7809,6,987,Not Adopted,10,2027,High
7810,1,987,Research,8,2028,Low
7811,11,987,Pilot,8,2027,Low
7812,2,987,Pilot,7,2028,High
7813,3,988,Research,7,2028,Low
7814,8,988,Adopted,5,2027,High
7815,11,988,Adopted,5,2026,Low
7816,7,988,Research,3,2025,High
7817,5,988,Research,7,2024,High
7818,4,988,Pilot,10,2028,High
7819,2,988,Adopted,9,2026,High
7820,12,988,Adopted,3,2027,Medium
7821,9,988,Not Adopted,5,2028,High
7822,6,988,Adopted,9,2028,High
7823,1,988,Adopted,5,2025,High
7824,7,989,Not Adopted,3,2024,Low
7825,9,989,Adopted,8,2025,High
7826,11,989,Adopted,9,2026,Low
7827,12,989,Pilot,8,2027,Medium
7828,1,990,Research,4,2028,Medium
7829,5,990,Adopted,3,2024,Low
7830,6,990,Pilot,7,2025,Medium
7831,7,990,Research,10,2026,High
7832,4,990,Not Adopted,3,2024,Medium
7833,12,990,Adopted,6,2025,High
7834,11,990,Adopted,6,2028,High
7835,3,990,Adopted,5,2028,Medium
7836,10,990,Pilot,10,2027,Low
7837,8,990,Adopted,6,2025,Low
7838,7,991,Research,9,2028,Low
7839,1,991,Pilot,10,2026,Medium
7840,2,991,Not Adopted,7,2024,Low
7841,8,991,Adopted,8,2025,Low
7842,6,991,Not Adopted,9,2024,Low
7843,9,991,Research,6,2024,Low
7844,10,991,Not Adopted,8,2027,Low
7845,5,991,Not Adopted,6,2027,Low
7846,7,992,Adopted,10,2025,Low
7847,11,992,Research,10,2025,Low
7848,8,992,Adopted,5,2027,High
7849,12,992,Research,8,2026,Medium
7850,6,992,Adopted,6,2025,Low
7851,3,992,Research,4,2026,High
7852,3,993,Pilot,3,2025,Low
7853,11,993,Research,3,2027,Low
7854,9,993,Pilot,10,2025,Medium
7855,5,993,Research,6,2025,Medium
7856,1,993,Not Adopted,10,2028,High
7857,4,993,Adopted,4,2028,Low
7858,2,993,Pilot,9,2028,High
7859,10,993,Adopted,10,2024,High
7860,5,994,Research,5,2027,High
7861,6,994,Not Adopted,7,2028,Medium
7862,10,994,Research,5,2025,Low
7863,11,994,Adopted,7,2028,Medium
7864,8,995,Pilot,8,2025,Low
7865,1,995,Research,8,2026,High
7866,2,995,Pilot,10,2025,Low
7867,12,995,Adopted,8,2028,Medium
7868,6,995,Not Adopted,5,2028,Medium
7869,10,996,Pilot,5,2026,Low
7870,11,996,Adopted,9,2026,Low
7871,12,996,Adopted,9,2026,Medium
7872,6,996,Pilot,6,2024,Low
7873,4,996,Not Adopted,6,2028,Medium
7874,9,996,Pilot,8,2028,Low
7875,2,996,Research,8,2025,Medium
7876,8,996,Pilot,4,2028,High
7877,10,997,Not Adopted,5,2027,Low
7878,4,997,Pilot,3,2025,Medium
7879,8,997,Adopted,8,2026,Medium
7880,5,997,Not Adopted,8,2026,High
7881,11,997,Not Adopted,9,2025,Medium
7882,9,997,Pilot,3,2028,Low
7883,1,997,Research,5,2027,Low
7884,8,998,Not Adopted,9,2026,Low
7885,11,998,Research,5,2024,Medium
7886,6,998,Not Adopted,7,2024,Medium
7887,7,998,Not Adopted,7,2026,High
7888,1,998,Pilot,6,2028,High
7889,2,998,Research,9,2028,Medium
7890,10,998,Not Adopted,7,2025,Low
7891,4,998,Adopted,4,2026,Medium
7892,9,998,Research,6,2024,High
7893,12,998,Research,10,2024,High
7894,5,998,Pilot,10,2025,High
7895,3,998,Research,5,2027,Medium
7896,12,999,Research,3,2027,Low
7897,4,999,Not Adopted,10,2024,Medium
7898,3,999,Adopted,7,2025,High
7899,11,999,Adopted,9,2028,Medium
7900,5,999,Research,10,2026,High
7901,1,999,Adopted,3,2025,Medium
7902,8,999,Not Adopted,9,2028,Medium
7903,10,999,Not Adopted,3,2024,Low
7904,2,999,Research,8,2024,Medium
7905,9,999,Pilot,5,2027,Medium
7906,2,1000,Not Adopted,7,2026,Medium
7907,12,1000,Research,6,2028,Medium
7908,5,1000,Not Adopted,4,2025,Low
7909,8,1000,Pilot,8,2025,High
7910,6,1000,Research,7,2025,Low
7911,3,1000,Adopted,5,2027,High
